COUNTY_ID,DB_ID,STATE_ID,NAME,SIZE_CODE,ACCOUNTS,USPS_COUNTY_CODE
301,0,6,LA PLATA,9,2219,67
302,0,6,LARIMER,8,14263,69
303,0,6,LAS ANIMAS,9,929,71
304,0,6,LINCOLN,9,377,73
305,0,6,LOGAN,9,657,75
306,0,6,MESA,8,1479,77
307,0,6,MINERAL,9,592,79
308,0,6,MOFFAT,9,416,81
309,0,6,MONTEZUMA,9,1198,83
310,0,6,MONTROSE,9,1198,85
311,0,6,MORGAN,9,480,87
312,0,6,OTERO,9,707,89
313,0,6,OURAY,9,665,91
314,0,6,PARK,9,1873,93
315,0,6,PHILLIPS,9,225,95
316,0,6,PITKIN,9,1338,97
317,0,6,PROWERS,9,344,99
318,0,6,PUEBLO,8,5851,101
319,0,6,RIO BLANCO,9,117,103
320,0,6,RIO GRANDE,9,555,105
321,0,6,ROUTT,9,1904,107
322,0,6,SAGUACHE,9,894,109
323,0,6,SAN JUAN,9,157,111
324,0,6,SAN MIGUEL,9,591,113
325,0,6,SEDGWICK,9,130,115
326,0,6,SUMMIT,9,1527,117
327,0,6,TELLER,9,1623,119
328,0,6,WASHINGTON,9,408,121
329,0,6,WELD,7,17541,123
330,0,6,YUMA,9,588,125
331,0,7,VIP,0,1,0
332,0,7,FAIRFIELD,6,11546,1
333,0,7,HARTFORD,7,12704,3
334,0,7,LITCHFIELD,8,3528,5
335,0,7,MIDDLESEX,7,3674,7
336,0,7,NEW HAVEN,6,13917,9
337,0,7,NEW LONDON,8,5133,11
338,0,7,TOLLAND,7,1951,13
339,0,7,WINDHAM,8,2693,15
340,0,9,VIP,0,0,0
341,0,9,KENT,8,3546,1
342,0,9,NEW CASTLE,6,7878,3
343,0,9,SUSSEX,8,8599,5
344,0,8,VIP,0,0,0
345,0,8,DISTRICT OF COLUMBIA,6,11347,1
346,0,10,VIP,0,34,0
347,0,10,ALACHUA,8,5726,1
348,0,10,BAKER,9,1046,3
349,0,10,BAY,8,5096,5
350,0,10,BRADFORD,9,209,7
351,0,10,BREVARD,7,30881,9
352,0,10,BROWARD,6,65413,11
353,0,10,CALHOUN,9,708,13
354,0,10,CHARLOTTE,8,9345,15
355,0,10,CITRUS,8,7268,17
356,0,10,CLAY,7,12232,19
357,0,10,COLLIER,8,8261,21
358,0,10,COLUMBIA,9,546,23
359,0,10,DADE,6,66946,25
360,0,10,DESOTO,9,87,27
361,0,10,DIXIE,9,1046,29
362,0,10,DUVAL,7,43321,31
363,0,10,ESCAMBIA,7,16643,33
364,0,10,FLAGLER,7,6042,35
365,0,10,FRANKLIN,9,532,37
366,0,10,GADSDEN,8,1800,39
367,0,10,GILCHRIST,9,790,41
368,0,10,GLADES,9,983,43
369,0,10,GULF,9,211,45
370,0,10,HAMILTON,9,554,47
371,0,10,HARDEE,9,1320,49
372,0,10,HENDRY,9,2891,51
373,0,10,HERNANDO,6,3828,53
374,0,10,HIGHLANDS,8,5028,55
375,0,10,HILLSBOROUGH,6,26545,57
376,0,10,HOLMES,9,738,59
377,0,10,INDIAN RIVER,8,8144,61
378,0,10,JACKSON,9,1243,63
379,0,10,JEFFERSON,9,1568,65
380,0,10,LAFAYETTE,9,191,67
381,0,10,LAKE,7,15099,69
382,0,10,LEE,7,24812,71
383,0,10,LEON,8,5740,73
384,0,10,LEVY,9,3027,75
385,0,10,LIBERTY,9,240,77
386,0,10,MADISON,9,992,79
387,0,10,MANATEE,7,8187,81
388,0,10,MARION,8,20347,83
389,0,10,MARTIN,7,4654,85
390,0,10,MIAMI-DADE,6,46054,86
391,0,10,MONROE,8,10422,87
392,0,10,NASSAU,7,4808,89
393,0,10,OKALOOSA,8,6985,91
394,0,10,OKEECHOBEE,9,2101,93
395,0,10,ORANGE,7,44953,95
396,0,10,OSCEOLA,7,9917,97
397,0,10,PALM BEACH,7,47077,99
398,0,10,PASCO,6,14125,101
399,0,10,PINELLAS,6,17011,103
400,0,10,POLK,7,20925,105
401,0,10,PUTNAM,8,3370,107
402,0,10,SAINT JOHNS,7,11522,109
403,0,10,SAINT LUCIE,7,18175,111
404,0,10,SANTA ROSA,7,11098,113
405,0,10,SARASOTA,7,10369,115
406,0,10,SEMINOLE,7,16555,117
407,0,10,SUMTER,9,5206,119
408,0,10,SUWANNEE,9,3785,121
409,0,10,TAYLOR,9,937,123
410,0,10,UNION,9,1446,125
411,0,10,VOLUSIA,7,25695,127
412,0,10,WAKULLA,9,1361,129
413,0,10,WALTON,9,6217,131
414,0,10,WASHINGTON,9,1584,133
415,0,11,VIP,0,4,0
416,0,11,APPLING,9,983,1
417,0,11,ATKINSON,9,41,3
418,0,11,BACON,9,38,5
419,0,11,BAKER,9,194,7
420,0,11,BALDWIN,9,1290,9
421,0,11,BANKS,9,1463,11
422,0,11,BARROW,6,3340,13
423,0,11,BARTOW,6,6237,15
424,0,11,BEN HILL,9,42,17
425,0,11,BERRIEN,9,1279,19
426,0,11,BIBB,8,5062,21
427,0,11,BLECKLEY,9,648,23
428,0,11,BRANTLEY,9,2812,25
429,0,11,BROOKS,9,2078,27
430,0,11,BRYAN,8,3370,29
431,0,11,BULLOCH,9,2168,31
432,0,11,BURKE,9,1162,33
433,0,11,BUTTS,9,4524,35
434,0,11,CALHOUN,9,138,37
435,0,11,CAMDEN,9,1815,39
436,0,11,CANDLER,9,322,43
437,0,11,CARROLL,6,4339,45
438,0,11,CATOOSA,7,405,47
439,0,11,CHARLTON,9,94,49
440,0,11,CHATHAM,8,7206,51
441,0,11,CHATTAHOOCHEE,8,203,53
442,0,11,CHATTOOGA,9,562,55
443,0,11,CHEROKEE,6,12938,57
444,0,11,CLARKE,8,1458,59
445,0,11,CLAY,9,193,61
446,0,11,CLAYTON,6,19048,63
447,0,11,CLINCH,9,382,65
448,0,11,COBB,6,35170,67
449,0,11,COFFEE,9,1319,69
450,0,11,COLQUITT,9,691,71
451,0,11,COLUMBIA,7,5040,73
452,0,11,COOK,9,1278,75
453,0,11,COWETA,6,4577,77
454,0,11,CRAWFORD,9,1269,79
455,0,11,CRISP,9,79,81
456,0,11,DADE,7,498,83
457,0,11,DAWSON,9,2459,85
458,0,11,DECATUR,9,1615,87
459,0,11,DEKALB,6,21122,89
460,0,11,DODGE,9,139,91
461,0,11,DOOLY,9,1565,93
462,0,11,DOUGHERTY,8,2902,95
463,0,11,DOUGLAS,6,10468,97
464,0,11,EARLY,9,982,99
465,0,11,ECHOLS,9,126,101
466,0,11,EFFINGHAM,8,2999,103
467,0,11,ELBERT,9,650,105
468,0,11,EMANUEL,9,2414,107
469,0,11,EVANS,9,823,109
470,0,11,FANNIN,9,3237,111
471,0,11,FAYETTE,6,7221,113
472,0,11,FLOYD,8,6356,115
473,0,11,FORSYTH,6,16749,117
474,0,11,FRANKLIN,9,1184,119
475,0,11,FULTON,6,20818,121
476,0,11,GILMER,9,32,123
477,0,11,GLASCOCK,9,101,125
478,0,11,GLYNN,8,3860,127
479,0,11,GORDON,9,2999,129
480,0,11,GRADY,9,1085,131
481,0,11,GREENE,9,173,133
482,0,11,GWINNETT,6,34927,135
483,0,11,HABERSHAM,9,1443,137
484,0,11,HALL,8,8547,139
485,0,11,HANCOCK,9,595,141
486,0,11,HARALSON,9,1419,143
487,0,11,HARRIS,8,974,145
488,0,11,HART,9,1701,147
489,0,11,HEARD,9,3853,149
490,0,11,HENRY,6,9611,151
491,0,11,HOUSTON,8,3932,153
492,0,11,IRWIN,9,296,155
493,0,11,JACKSON,9,7186,157
494,0,11,JASPER,9,2365,159
495,0,11,JEFF DAVIS,9,638,161
496,0,11,JEFFERSON,9,642,163
497,0,11,JENKINS,9,32,165
498,0,11,JOHNSON,9,469,167
499,0,11,JONES,8,4334,169
500,0,11,LAMAR,9,500,171
501,0,11,LANIER,9,416,173
502,0,11,LAURENS,9,2382,175
503,0,11,LEE,8,2446,177
504,0,11,LIBERTY,9,3758,179
505,0,11,LINCOLN,9,94,181
506,0,11,LONG,9,207,183
507,0,11,LOWNDES,8,4524,185
508,0,11,LUMPKIN,9,17,187
509,0,11,MCDUFFIE,7,313,189
510,0,11,MCINTOSH,9,518,191
511,0,11,MACON,9,1103,193
512,0,11,MADISON,8,124,195
513,0,11,MARION,9,353,197
514,0,11,MERIWETHER,9,2447,199
515,0,11,MILLER,9,10,201
516,0,11,MITCHELL,9,254,205
517,0,11,MONROE,9,1921,207
518,0,11,MONTGOMERY,9,222,209
519,0,11,MORGAN,9,1315,211
520,0,11,MURRAY,9,1879,213
521,0,11,MUSCOGEE,8,7318,215
522,0,11,NEWTON,6,7569,217
523,0,11,OCONEE,8,3015,219
524,0,11,OGLETHORPE,9,864,221
525,0,11,PAULDING,6,12458,223
526,0,11,PEACH,8,2051,225
527,0,11,PICKENS,6,1191,227
528,0,11,PIERCE,9,55,229
529,0,11,PIKE,9,2643,231
530,0,11,POLK,9,2101,233
531,0,11,PULASKI,9,1099,235
532,0,11,PUTNAM,9,925,237
533,0,11,QUITMAN,9,0,239
534,0,11,RABUN,9,1785,241
535,0,11,RANDOLPH,9,291,243
536,0,11,RICHMOND,7,7710,245
537,0,11,ROCKDALE,6,8065,247
538,0,11,SCHLEY,9,2,249
539,0,11,SCREVEN,9,936,251
540,0,11,SEMINOLE,9,89,253
541,0,11,SPALDING,6,3826,255
542,0,11,STEPHENS,9,144,257
543,0,11,STEWART,9,514,259
544,0,11,SUMTER,9,1428,261
545,0,11,TALBOT,9,515,263
546,0,11,TALIAFERRO,9,245,265
547,0,11,TATTNALL,9,956,267
548,0,11,TAYLOR,9,392,269
549,0,11,TELFAIR,9,452,271
550,0,11,TERRELL,9,1566,273
551,0,11,THOMAS,9,1152,275
552,0,11,TIFT,9,101,277
553,0,11,TOOMBS,9,11,279
554,0,11,TOWNS,9,1297,281
555,0,11,TREUTLEN,9,613,283
556,0,11,TROUP,9,1110,285
557,0,11,TURNER,9,364,287
558,0,11,TWIGGS,8,1496,289
559,0,11,UNION,9,752,291
560,0,11,UPSON,9,1297,293
561,0,11,WALKER,7,4051,295
562,0,11,WALTON,6,6724,297
563,0,11,WARE,9,1524,299
564,0,11,WARREN,9,1487,301
565,0,11,WASHINGTON,9,1162,303
566,0,11,WAYNE,9,1801,305
567,0,11,WEBSTER,9,8,307
568,0,11,WHEELER,9,107,309
569,0,11,WHITE,9,3115,311
570,0,11,WHITFIELD,8,2271,313
571,0,11,WILCOX,9,796,315
572,0,11,WILKES,9,636,317
573,0,11,WILKINSON,9,268,319
574,0,11,WORTH,9,1902,321
575,0,12,VIP,0,2,0
576,0,12,HAWAII,8,5013,1
577,0,12,HONOLULU,7,9830,3
578,0,12,KAUAI,9,966,7
579,0,12,MAUI,8,2541,9
580,0,14,VIP,0,1,0
581,0,14,ADA,7,21784,1
582,0,14,ADAMS,9,661,3
583,0,14,BANNOCK,8,1350,5
584,0,14,BEAR LAKE,9,475,7
585,0,14,BENEWAH,9,753,9
586,0,14,BINGHAM,9,3595,11
587,0,14,BLAINE,9,1063,13
588,0,14,BOISE,9,345,15
589,0,14,BONNER,9,2588,17
590,0,14,BONNEVILLE,8,2960,19
591,0,14,BOUNDARY,9,434,21
592,0,14,BUTTE,9,197,23
593,0,14,CAMAS,9,28,25
594,0,14,CANYON,7,10076,27
595,0,14,CARIBOU,9,196,29
596,0,14,CASSIA,9,1222,31
597,0,14,CLARK,9,29,33
598,0,14,CLEARWATER,9,388,35
599,0,14,CUSTER,9,252,37
600,0,14,ELMORE,9,2684,39
601,0,14,FRANKLIN,9,646,41
602,0,14,FREMONT,9,1464,43
603,0,14,GEM,9,3122,45
604,0,14,GOODING,9,358,47
605,0,14,IDAHO,9,778,49
606,0,14,JEFFERSON,9,1753,51
607,0,14,JEROME,9,1077,53
608,0,14,KOOTENAI,8,6402,55
609,0,14,LATAH,9,918,57
610,0,14,LEMHI,9,339,59
611,0,14,LEWIS,9,343,61
612,0,14,LINCOLN,9,201,63
613,0,14,MADISON,9,118,65
614,0,14,MINIDOKA,9,782,67
615,0,14,NEZ PERCE,9,1461,69
616,0,14,ONEIDA,9,234,71
617,0,14,OWYHEE,9,680,73
618,0,14,PAYETTE,9,2153,75
619,0,14,POWER,9,1656,77
620,0,14,SHOSHONE,9,738,79
621,0,14,TETON,9,812,81
622,0,14,TWIN FALLS,9,3792,83
623,0,14,VALLEY,9,482,85
624,0,14,WASHINGTON,9,975,87
625,0,15,VIP,0,29,0
626,0,15,ADAMS,8,1855,1
627,0,15,ALEXANDER,9,405,3
628,0,15,BOND,9,333,5
629,0,15,BOONE,7,3704,7
630,0,15,BROWN,9,159,9
631,0,15,BUREAU,9,1095,11
632,0,15,CALHOUN,9,327,13
633,0,15,CARROLL,9,596,15
634,0,15,CASS,9,238,17
635,0,15,CHAMPAIGN,8,5532,19
636,0,15,CHRISTIAN,9,1503,21
637,0,15,CLARK,9,324,23
638,0,15,CLAY,9,183,25
639,0,15,CLINTON,6,1806,27
640,0,15,COLES,9,1360,29
641,0,15,COOK,6,98640,31
642,0,15,CRAWFORD,9,618,33
643,0,15,CUMBERLAND,9,353,35
644,0,15,DEKALB,6,3258,37
645,0,15,DEWITT,9,907,39
646,0,15,DOUGLAS,9,562,41
647,0,15,DUPAGE,6,67405,43
648,0,15,EDGAR,9,647,45
649,0,15,EDWARDS,9,325,47
650,0,15,EFFINGHAM,9,263,49
651,0,15,FAYETTE,9,1463,51
652,0,15,FORD,9,583,53
653,0,15,FRANKLIN,9,2168,55
654,0,15,FULTON,9,1236,57
655,0,15,GALLATIN,9,281,59
656,0,15,GREENE,9,896,61
657,0,15,GRUNDY,6,1598,63
658,0,15,HAMILTON,9,317,65
659,0,15,HANCOCK,9,426,67
660,0,15,HARDIN,9,149,69
661,0,15,HENDERSON,9,341,71
662,0,15,HENRY,7,2087,73
663,0,15,IROQUOIS,9,1487,75
664,0,15,JACKSON,9,1108,77
665,0,15,JASPER,9,373,79
666,0,15,JEFFERSON,9,1175,81
667,0,15,JERSEY,6,1131,83
668,0,15,JO DAVIESS,9,1174,85
669,0,15,JOHNSON,9,448,87
670,0,15,KANE,6,13332,89
671,0,15,KANKAKEE,6,5102,91
672,0,15,KENDALL,6,9293,93
673,0,15,KNOX,9,645,95
674,0,15,LAKE,6,22253,97
675,0,15,LA SALLE,8,3999,99
676,0,15,LAWRENCE,9,760,101
677,0,15,LEE,9,1863,103
678,0,15,LIVINGSTON,9,1765,105
679,0,15,LOGAN,9,827,107
680,0,15,MCDONOUGH,9,440,109
681,0,15,MCHENRY,6,9021,111
682,0,15,MCLEAN,8,4547,113
683,0,15,MACON,8,4024,115
684,0,15,MACOUPIN,9,3345,117
685,0,15,MADISON,6,11718,119
686,0,15,MARION,9,982,121
687,0,15,MARSHALL,9,611,123
688,0,15,MASON,9,695,125
689,0,15,MASSAC,9,519,127
690,0,15,MENARD,8,975,129
691,0,15,MERCER,9,593,131
692,0,15,MONROE,6,1698,133
693,0,15,MONTGOMERY,9,1316,135
694,0,15,MORGAN,9,394,137
695,0,15,MOULTRIE,9,64,139
696,0,15,OGLE,7,1968,141
697,0,15,PEORIA,7,6228,143
698,0,15,PERRY,9,831,145
699,0,15,PIATT,9,571,147
700,0,15,PIKE,9,729,149
701,0,15,POPE,9,875,151
702,0,15,PULASKI,9,396,153
703,0,15,PUTNAM,9,993,155
704,0,15,RANDOLPH,9,980,157
705,0,15,RICHLAND,9,429,159
706,0,15,ROCK ISLAND,7,5720,161
707,0,15,SAINT CLAIR,6,12019,163
708,0,15,SALINE,9,434,165
709,0,15,SANGAMON,8,9021,167
710,0,15,SCHUYLER,9,477,169
711,0,15,SCOTT,9,1717,171
712,0,15,SHELBY,9,1963,173
713,0,15,STARK,9,99,175
714,0,15,STEPHENSON,9,889,177
715,0,15,TAZEWELL,7,2619,179
716,0,15,UNION,9,680,181
717,0,15,VERMILION,8,2832,183
718,0,15,WABASH,9,107,185
719,0,15,WARREN,9,1380,187
720,0,15,WASHINGTON,9,1364,189
721,0,15,WAYNE,9,553,191
722,0,15,WHITE,9,455,193
723,0,15,WHITESIDE,9,451,195
724,0,15,WILL,6,24562,197
725,0,15,WILLIAMSON,8,3929,199
726,0,15,WINNEBAGO,7,5869,201
727,0,15,WOODFORD,7,931,203
728,0,16,VIP,0,18,0
729,0,16,ADAMS,7,1054,1
730,0,16,ALLEN,7,8101,3
731,0,16,BARTHOLOMEW,8,2739,5
732,0,16,BENTON,9,430,7
733,0,16,BLACKFORD,9,2578,9
734,0,16,BOONE,7,1540,11
735,0,16,BROWN,9,2377,13
736,0,16,CARROLL,9,1510,15
737,0,16,CASS,9,261,17
738,0,16,CLARK,7,6236,19
739,0,16,CLAY,8,985,21
740,0,16,CLINTON,8,2152,23
741,0,16,CRAWFORD,9,1223,25
742,0,16,DAVIESS,9,1074,27
743,0,16,DEARBORN,7,1211,29
744,0,16,DECATUR,9,386,31
745,0,16,DE KALB,7,1615,33
746,0,16,DELAWARE,8,5691,35
747,0,16,DUBOIS,9,1709,37
748,0,16,ELKHART,8,3924,39
749,0,16,FAYETTE,9,70,41
750,0,16,FLOYD,7,3289,43
751,0,16,FOUNTAIN,9,1834,45
752,0,16,FRANKLIN,9,2072,47
753,0,16,FULTON,9,1063,49
754,0,16,GIBSON,9,1271,51
755,0,16,GRANT,8,2328,53
756,0,16,GREENE,9,3091,55
1,0,2,VIP,0,35,0
2,0,2,AUTAUGA,8,718,1
3,0,2,BALDWIN,7,16328,3
4,0,2,BARBOUR,9,1069,5
5,0,2,BIBB,9,1154,7
6,0,2,BLOUNT,7,4505,9
7,0,2,BULLOCK,9,1194,11
8,0,2,BUTLER,9,238,13
9,0,2,CALHOUN,8,6627,15
10,0,2,CHAMBERS,9,1257,17
11,0,2,CHEROKEE,9,1335,19
12,0,2,CHILTON,9,5182,21
13,0,2,CHOCTAW,9,836,23
14,0,2,CLARKE,9,1118,25
15,0,2,CLAY,9,1493,27
16,0,2,CLEBURNE,9,1956,29
17,0,2,COFFEE,9,2591,31
18,0,2,COLBERT,8,4533,33
19,0,2,CONECUH,9,3104,35
20,0,2,COOSA,9,1107,37
21,0,2,COVINGTON,9,1065,39
22,0,2,CRENSHAW,9,325,41
23,0,2,CULLMAN,8,5743,43
24,0,2,DALE,8,3855,45
25,0,2,DALLAS,9,813,47
26,0,2,DE KALB,8,2837,49
27,0,2,ELMORE,8,4253,51
28,0,2,ESCAMBIA,9,371,53
29,0,2,ETOWAH,8,4824,55
30,0,2,FAYETTE,9,1545,57
31,0,2,FRANKLIN,9,2527,59
32,0,2,GENEVA,9,1884,61
33,0,2,GREENE,9,727,63
34,0,2,HALE,9,1449,65
35,0,2,HENRY,9,552,67
36,0,2,HOUSTON,8,1383,69
37,0,2,JACKSON,9,2040,71
38,0,2,JEFFERSON,7,30453,73
39,0,2,LAMAR,9,1910,75
40,0,2,LAUDERDALE,8,5366,77
41,0,2,LAWRENCE,8,2044,79
42,0,2,LEE,8,3682,81
43,0,2,LIMESTONE,7,14786,83
44,0,2,LOWNDES,9,644,85
45,0,2,MACON,9,1838,87
46,0,2,MADISON,7,9480,89
47,0,2,MARENGO,9,1435,91
48,0,2,MARION,9,1198,93
49,0,2,MARSHALL,8,3261,95
50,0,2,MOBILE,7,22332,97
51,0,2,MONROE,9,1554,99
52,0,2,MONTGOMERY,8,5987,101
53,0,2,MORGAN,8,3234,103
54,0,2,PERRY,9,1565,105
55,0,2,PICKENS,9,1373,107
56,0,2,PIKE,9,636,109
57,0,2,RANDOLPH,9,1819,111
58,0,2,RUSSELL,8,4332,113
59,0,2,SAINT CLAIR,7,4269,115
60,0,2,SHELBY,7,18201,117
61,0,2,SUMTER,9,959,119
62,0,2,TALLADEGA,8,5088,121
63,0,2,TALLAPOOSA,9,1548,123
64,0,2,TUSCALOOSA,8,10813,125
65,0,2,WALKER,8,3215,127
66,0,2,WASHINGTON,9,1520,129
67,0,2,WILCOX,9,326,131
68,0,2,WINSTON,9,2697,133
69,0,1,VIP,0,0,0
70,0,1,ALEUTIANS EAST,0,0,13
71,0,1,ALEUTIANS WEST,0,0,16
72,0,1,ANCHORAGE,8,5921,20
73,0,1,DENALI BOROUGH,0,36,25
74,0,1,BETHEL,0,2,50
75,0,1,BRISTOL BAY,0,0,60
76,0,1,DENALI,0,5,68
77,0,1,DILLINGHAM,0,2,70
78,0,1,FAIRBANKS NORTH STAR,8,2786,90
79,0,1,HAINES,0,1,100
80,0,1,HOONAH ANGOON,0,5,105
81,0,1,JUNEAU,9,1272,110
82,0,1,KENAI PENINSULA,9,2659,122
83,0,1,KETCHIKAN GATEWAY,0,78,130
84,0,1,KODIAK ISLAND,0,234,150
85,0,1,LAKE AND PENINSULA,0,0,164
86,0,1,MATANUSKA SUSITNA,9,2923,170
87,0,1,NOME,0,0,180
88,0,1,NORTH SLOPE,0,11,185
89,0,1,NORTHWEST ARCTIC,0,2,188
90,0,1,PETERSBURG,0,0,195
91,0,1,PRINCE OF WALES HYDER,0,284,198
92,0,1,PRINCE WALES KETCHIKAN,0,162,201
93,0,1,SITKA,0,7,220
94,0,1,SKAGWAY,0,0,230
95,0,1,SKAGWAY YAKUTAT,0,168,231
96,0,1,SKAGWAY HOONAH ANGOON,0,207,232
97,0,1,SOUTHEAST FAIRBANKS,0,427,240
98,0,1,VALDEZ CORDOVA,0,278,261
99,0,1,WADE HAMPTON,0,0,270
100,0,1,WRANGELL,0,97,275
101,0,1,WRANGELL PETERSBURG,0,71,280
102,0,1,YAKUTAT,0,92,282
103,0,1,YUKON KOYUKUK,0,463,290
104,0,1,COFFMAN COVE CITY,0,32,448
105,0,1,HOONAH CITY,0,0,502
106,0,1,HYDABURG CITY,0,0,514
107,0,1,KAKE CITY,0,0,517
108,0,1,KLAWOCK CITY,0,0,529
109,0,1,METLAKATLA CITY,0,0,562
110,0,1,PELICAN CITY,0,10,598
111,0,1,PETERSBURG CITY,0,90,601
112,0,1,THORNE BAY CITY,0,72,670
113,0,1,WRANGELL CITY,0,0,706
114,0,1,YAKUTAT CITY,0,1,709
115,0,4,VIP,0,1,0
116,0,4,APACHE,9,5867,1
117,0,4,COCHISE,8,5483,3
118,0,4,COCONINO,8,9003,5
119,0,4,GILA,9,5873,7
120,0,4,GRAHAM,9,1667,9
121,0,4,GREENLEE,9,395,11
122,0,4,LA PAZ,9,2845,12
123,0,4,MARICOPA,6,185679,13
124,0,4,MOHAVE,7,15611,15
125,0,4,NAVAJO,8,5009,17
126,0,4,PIMA,7,36873,19
127,0,4,PINAL,6,27088,21
128,0,4,SANTA CRUZ,9,2402,23
129,0,4,YAVAPAI,8,16442,25
130,0,4,YUMA,8,7802,27
131,0,3,VIP,0,1,0
132,0,3,ARKANSAS,9,561,1
133,0,3,ASHLEY,9,1052,3
134,0,3,BAXTER,9,1949,5
135,0,3,BENTON,8,18396,7
136,0,3,BOONE,9,714,9
137,0,3,BRADLEY,9,448,11
138,0,3,CALHOUN,9,1673,13
139,0,3,CARROLL,9,912,15
140,0,3,CHICOT,9,291,17
141,0,3,CLARK,9,1085,19
142,0,3,CLAY,9,709,21
143,0,3,CLEBURNE,9,1947,23
144,0,3,CLEVELAND,9,1052,25
145,0,3,COLUMBIA,9,703,27
146,0,3,CONWAY,9,1327,29
147,0,3,CRAIGHEAD,8,4197,31
148,0,3,CRAWFORD,8,3115,33
149,0,3,CRITTENDEN,7,2593,35
150,0,3,CROSS,9,1566,37
151,0,3,DALLAS,9,383,39
152,0,3,DESHA,9,1158,41
153,0,3,DREW,9,873,43
154,0,3,FAULKNER,7,4885,45
155,0,3,FRANKLIN,9,1782,47
156,0,3,FULTON,9,1257,49
157,0,3,GARLAND,8,2126,51
158,0,3,GRANT,9,1635,53
159,0,3,GREENE,9,2253,55
160,0,3,HEMPSTEAD,9,290,57
161,0,3,HOT SPRING,9,7937,59
162,0,3,HOWARD,9,961,61
163,0,3,INDEPENDENCE,9,1403,63
164,0,3,IZARD,9,706,65
165,0,3,JACKSON,9,295,67
166,0,3,JEFFERSON,8,3873,69
167,0,3,JOHNSON,9,1552,71
168,0,3,LAFAYETTE,9,1339,73
169,0,3,LAWRENCE,9,515,75
170,0,3,LEE,9,1603,77
171,0,3,LINCOLN,9,1602,79
172,0,3,LITTLE RIVER,9,1005,81
173,0,3,LOGAN,9,1508,83
174,0,3,LONOKE,7,5542,85
175,0,3,MADISON,9,1548,87
176,0,3,MARION,9,291,89
177,0,3,MILLER,8,2335,91
178,0,3,MISSISSIPPI,9,2461,93
179,0,3,MONROE,9,413,95
180,0,3,MONTGOMERY,9,688,97
181,0,3,NEVADA,9,481,99
182,0,3,NEWTON,9,1173,101
183,0,3,OUACHITA,9,883,103
184,0,3,PERRY,9,479,105
185,0,3,PHILLIPS,9,1280,107
186,0,3,PIKE,9,633,109
187,0,3,POINSETT,9,1499,111
188,0,3,POLK,9,1509,113
189,0,3,POPE,9,2538,115
190,0,3,PRAIRIE,9,2235,117
191,0,3,PULASKI,7,21762,119
192,0,3,RANDOLPH,9,959,121
193,0,3,SAINT FRANCIS,9,876,123
194,0,3,SALINE,7,8736,125
195,0,3,SCOTT,9,736,127
196,0,3,SEARCY,9,98,129
197,0,3,SEBASTIAN,8,6213,131
198,0,3,SEVIER,9,597,133
199,0,3,SHARP,9,628,135
200,0,3,STONE,9,854,137
201,0,3,UNION,9,2832,139
202,0,3,VAN BUREN,9,892,141
203,0,3,WASHINGTON,8,5850,143
204,0,3,WHITE,8,6003,145
205,0,3,WOODRUFF,9,326,147
206,0,3,YELL,9,160,149
207,0,5,VIP,0,64,0
208,0,5,ALAMEDA,6,44729,1
209,0,5,ALPINE,9,257,3
210,0,5,AMADOR,9,2074,5
211,0,5,BUTTE,8,4681,7
212,0,5,CALAVERAS,9,2656,9
213,0,5,COLUSA,9,1556,11
214,0,5,CONTRA COSTA,6,40818,13
215,0,5,DEL NORTE,9,471,15
216,0,5,EL DORADO,7,10558,17
217,0,5,FRESNO,7,48214,19
218,0,5,GLENN,9,1537,21
219,0,5,HUMBOLDT,8,4178,23
220,0,5,IMPERIAL,8,7229,25
221,0,5,INYO,9,3028,27
222,0,5,KERN,7,49628,29
223,0,5,KINGS,8,6928,31
224,0,5,LAKE,9,4265,33
225,0,5,LASSEN,9,1555,35
226,0,5,LOS ANGELES,6,910850,37
227,0,5,MADERA,7,8061,39
228,0,5,MARIN,6,5656,41
229,0,5,MARIPOSA,9,1179,43
230,0,5,MENDOCINO,8,4773,45
231,0,5,MERCED,8,15463,47
232,0,5,MODOC,9,512,49
233,0,5,MONO,9,869,51
234,0,5,MONTEREY,8,22494,53
235,0,5,NAPA,6,9920,55
236,0,5,NEVADA,8,4234,57
237,0,5,ORANGE,6,130210,59
238,0,5,PLACER,7,19510,61
239,0,5,PLUMAS,9,2084,63
240,0,5,RIVERSIDE,6,116833,65
241,0,5,SACRAMENTO,7,65679,67
242,0,5,SAN BENITO,9,5014,69
243,0,5,SAN BERNARDINO,6,87026,71
244,0,5,SAN DIEGO,7,141679,73
245,0,5,SAN FRANCISCO,6,16367,75
246,0,5,SAN JOAQUIN,7,31870,77
247,0,5,SAN LUIS OBISPO,8,13378,79
248,0,5,SAN MATEO,6,21454,81
249,0,5,SANTA BARBARA,7,12141,83
250,0,5,SANTA CLARA,6,46482,85
251,0,5,SANTA CRUZ,6,4824,87
252,0,5,SHASTA,8,5600,89
253,0,5,SIERRA,9,319,91
254,0,5,SISKIYOU,9,2342,93
255,0,5,SOLANO,6,16421,95
256,0,5,SONOMA,6,16842,97
257,0,5,STANISLAUS,7,32161,99
258,0,5,SUTTER,8,4999,101
259,0,5,TEHAMA,9,4406,103
260,0,5,TRINITY,9,1062,105
261,0,5,TULARE,8,29938,107
262,0,5,TUOLUMNE,9,2608,109
263,0,5,VENTURA,6,34580,111
264,0,5,YOLO,7,10402,113
265,0,5,YUBA,8,4826,115
266,0,6,VIP,0,19,0
267,0,6,ADAMS,7,15417,1
268,0,6,ALAMOSA,9,59,3
269,0,6,ARAPAHOE,7,8456,5
270,0,6,ARCHULETA,9,2218,7
271,0,6,BACA,9,494,9
272,0,6,BENT,9,29,11
273,0,6,BOULDER,7,4065,13
274,0,6,BROOMFIELD,7,1024,14
275,0,6,CHAFFEE,9,798,15
276,0,6,CHEYENNE,9,109,17
277,0,6,CLEAR CREEK,9,1788,19
278,0,6,CONEJOS,9,1167,21
279,0,6,COSTILLA,9,457,23
280,0,6,CROWLEY,9,183,25
281,0,6,CUSTER,9,462,27
282,0,6,DELTA,9,798,29
283,0,6,DENVER,7,29923,31
284,0,6,DOLORES,9,539,33
285,0,6,DOUGLAS,7,13610,35
286,0,6,EAGLE,9,3319,37
287,0,6,ELBERT,9,3838,39
288,0,6,EL PASO,7,26668,41
289,0,6,FREMONT,9,2136,43
290,0,6,GARFIELD,9,1846,45
291,0,6,GILPIN,9,1623,47
292,0,6,GRAND,9,1947,49
293,0,6,GUNNISON,9,860,51
294,0,6,HINSDALE,9,300,53
295,0,6,HUERFANO,9,704,55
296,0,6,JACKSON,9,177,57
297,0,6,JEFFERSON,7,14100,59
298,0,6,KIOWA,9,175,61
299,0,6,KIT CARSON,9,432,63
300,0,6,LAKE,9,376,65
1663,0,27,HILL,9,133,41
1664,0,27,JEFFERSON,9,1850,43
1665,0,27,JUDITH BASIN,9,118,45
1666,0,27,LAKE,9,1710,47
1667,0,27,LEWIS AND CLARK,9,865,49
1668,0,27,LIBERTY,9,78,51
1669,0,27,LINCOLN,9,1027,53
1670,0,27,MCCONE,9,63,55
1671,0,27,MADISON,9,688,57
1672,0,27,MEAGHER,9,102,59
1673,0,27,MINERAL,9,243,61
1674,0,27,MISSOULA,8,3648,63
1675,0,27,MUSSELSHELL,9,376,65
1676,0,27,PARK,9,800,67
1677,0,27,PETROLEUM,9,26,69
1678,0,27,PHILLIPS,9,57,71
1679,0,27,PONDERA,9,536,73
1680,0,27,POWDER RIVER,9,244,75
1681,0,27,POWELL,9,75,77
1682,0,27,PRAIRIE,9,259,79
1683,0,27,RAVALLI,9,2023,81
1684,0,27,RICHLAND,9,311,83
1685,0,27,ROOSEVELT,9,431,85
1686,0,27,ROSEBUD,9,258,87
1687,0,27,SANDERS,9,602,89
1688,0,27,SHERIDAN,9,126,91
1689,0,27,SILVER BOW,9,262,93
1690,0,27,STILLWATER,9,839,95
1691,0,27,SWEET GRASS,9,72,97
1692,0,27,TETON,9,410,99
1693,0,27,TOOLE,9,232,101
1694,0,27,TREASURE,9,215,103
1695,0,27,VALLEY,9,147,105
1696,0,27,WHEATLAND,9,180,107
1697,0,27,WIBAUX,9,341,109
1698,0,27,YELLOWSTONE,8,4883,111
1699,0,30,VIP,0,0,0
1700,0,30,ADAMS,9,657,1
1701,0,30,ANTELOPE,9,209,3
1702,0,30,ARTHUR,9,37,5
1703,0,30,BANNER,9,184,7
1704,0,30,BLAINE,9,24,9
1705,0,30,BOONE,9,92,11
1706,0,30,BOX BUTTE,9,289,13
1707,0,30,BOYD,9,39,15
1708,0,30,BROWN,9,42,17
1709,0,30,BUFFALO,9,724,19
1710,0,30,BURT,9,176,21
1711,0,30,BUTLER,9,158,23
1712,0,30,CASS,7,1068,25
1713,0,30,CEDAR,9,194,27
1714,0,30,CHASE,9,43,29
1715,0,30,CHERRY,9,120,31
1716,0,30,CHEYENNE,9,299,33
1717,0,30,CLAY,9,126,35
1718,0,30,COLFAX,9,278,37
1719,0,30,CUMING,9,377,39
1720,0,30,CUSTER,9,436,41
1721,0,30,DAKOTA,8,666,43
1722,0,30,DAWES,9,142,45
1723,0,30,DAWSON,9,424,47
1724,0,30,DEUEL,9,140,49
1725,0,30,DIXON,9,170,51
1726,0,30,DODGE,9,1095,53
1727,0,30,DOUGLAS,7,13226,55
1728,0,30,DUNDY,9,38,57
1729,0,30,FILLMORE,9,208,59
1730,0,30,FRANKLIN,9,111,61
1731,0,30,FRONTIER,9,94,63
1732,0,30,FURNAS,9,60,65
1733,0,30,GAGE,9,674,67
1734,0,30,GARDEN,9,41,69
1735,0,30,GARFIELD,9,0,71
1736,0,30,GOSPER,9,238,73
1737,0,30,GRANT,9,60,75
1738,0,30,GREELEY,9,20,77
1739,0,30,HALL,9,1646,79
1740,0,30,HAMILTON,9,408,81
1741,0,30,HARLAN,9,138,83
1742,0,30,HAYES,9,71,85
1743,0,30,HITCHCOCK,9,353,87
1744,0,30,HOLT,9,340,89
1745,0,30,HOOKER,9,47,91
1746,0,30,HOWARD,9,302,93
1747,0,30,JEFFERSON,9,243,95
1748,0,30,JOHNSON,9,207,97
1749,0,30,KEARNEY,9,119,99
1750,0,30,KEITH,9,189,101
1751,0,30,KEYA PAHA,9,2,103
1752,0,30,KIMBALL,9,132,105
1753,0,30,KNOX,9,215,107
1754,0,30,LANCASTER,8,4930,109
1755,0,30,LINCOLN,9,120,111
1756,0,30,LOGAN,9,12,113
1757,0,30,LOUP,9,19,115
1758,0,30,MCPHERSON,9,208,117
1759,0,30,MADISON,9,885,119
1760,0,30,MERRICK,9,334,121
1761,0,30,MORRILL,9,30,123
1762,0,30,NANCE,9,56,125
1763,0,30,NEMAHA,9,162,127
1764,0,30,NUCKOLLS,9,164,129
1765,0,30,OTOE,9,594,131
1766,0,30,PAWNEE,9,50,133
1767,0,30,PERKINS,9,203,135
1768,0,30,PHELPS,9,300,137
1769,0,30,PIERCE,9,169,139
1770,0,30,PLATTE,9,203,141
1771,0,30,POLK,9,721,143
1772,0,30,RED WILLOW,9,32,145
1773,0,30,RICHARDSON,9,158,147
1774,0,30,ROCK,9,60,149
1775,0,30,SALINE,9,201,151
1776,0,30,SARPY,7,2149,153
1777,0,30,SAUNDERS,9,746,155
1778,0,30,SCOTTS BLUFF,9,210,157
1779,0,30,SEWARD,9,423,159
1780,0,30,SHERIDAN,9,324,161
1781,0,30,SHERMAN,9,122,163
1782,0,30,SIOUX,9,77,165
1783,0,30,STANTON,9,128,167
1784,0,30,THAYER,9,113,169
1785,0,30,THOMAS,9,10,171
1786,0,30,THURSTON,9,187,173
1787,0,30,VALLEY,9,158,175
1788,0,30,WASHINGTON,7,1097,177
1789,0,30,WAYNE,9,223,179
1790,0,30,WEBSTER,9,91,181
1791,0,30,WHEELER,9,44,183
1792,0,30,YORK,9,507,185
1793,0,34,VIP,0,4,0
1794,0,34,CHURCHILL,9,1717,1
1795,0,34,CLARK,7,104903,3
1796,0,34,DOUGLAS,9,4301,5
1797,0,34,ELKO,9,3738,7
1798,0,34,ESMERALDA,9,100,9
1799,0,34,EUREKA,9,1233,11
1800,0,34,HUMBOLDT,9,160,13
1801,0,34,LANDER,9,64,15
1802,0,34,LINCOLN,9,246,17
1803,0,34,LYON,9,2681,19
1804,0,34,MINERAL,9,500,21
1805,0,34,NYE,7,3577,23
1806,0,34,PERSHING,9,1217,27
1807,0,34,STOREY,9,1976,29
1808,0,34,WASHOE,7,22417,31
1809,0,34,WHITE PINE,9,272,33
1810,0,34,CARSON CITY,9,271,510
1811,0,31,VIP,0,0,0
1812,0,31,BELKNAP,9,1419,1
1813,0,31,CARROLL,9,1264,3
1814,0,31,CHESHIRE,8,2458,5
1815,0,31,COOS,9,1285,7
1816,0,31,GRAFTON,8,1437,9
1817,0,31,HILLSBOROUGH,6,4590,11
1818,0,31,MERRIMACK,8,3012,13
1819,0,31,ROCKINGHAM,6,4639,15
1820,0,31,STRAFFORD,6,2877,17
1821,0,31,SULLIVAN,9,963,19
1822,0,32,VIP,0,0,0
1823,0,32,ATLANTIC,6,4881,1
1824,0,32,BERGEN,6,10219,3
1825,0,32,BURLINGTON,6,9470,5
1826,0,32,CAMDEN,6,4858,7
1827,0,32,CAPE MAY,6,1862,9
1828,0,32,CUMBERLAND,6,1068,11
1829,0,32,ESSEX,6,8712,13
1830,0,32,GLOUCESTER,6,5202,15
1831,0,32,HUDSON,6,8430,17
1832,0,32,HUNTERDON,6,3331,19
1833,0,32,MERCER,6,3671,21
1834,0,32,MIDDLESEX,6,9910,23
1835,0,32,MONMOUTH,6,10593,25
1836,0,32,MORRIS,6,6476,27
1837,0,32,OCEAN,6,12334,29
1838,0,32,PASSAIC,6,6144,31
1839,0,32,SALEM,6,2127,33
1840,0,32,SOMERSET,6,6561,35
1841,0,32,SUSSEX,6,7269,37
1842,0,32,UNION,6,6889,39
1843,0,32,WARREN,6,3568,41
1844,0,33,VIP,0,0,0
1845,0,33,BERNALILLO,7,24713,1
1846,0,33,CATRON,9,294,3
1847,0,33,CHAVES,9,3362,5
1848,0,33,CIBOLA,9,1304,6
1849,0,33,COLFAX,9,1307,7
1850,0,33,CURRY,9,146,9
1851,0,33,DE BACA,9,155,11
1852,0,33,DONA ANA,8,7900,13
1853,0,33,EDDY,9,3512,15
1854,0,33,GRANT,9,1695,17
1855,0,33,GUADALUPE,9,351,19
1856,0,33,HARDING,9,178,21
1857,0,33,HIDALGO,9,190,23
1858,0,33,LEA,9,4345,25
1859,0,33,LINCOLN,9,1722,27
1860,0,33,LOS ALAMOS,8,964,28
1861,0,33,LUNA,9,1201,29
1862,0,33,MCKINLEY,9,4686,31
1863,0,33,MORA,9,370,33
1864,0,33,OTERO,9,3861,35
1865,0,33,QUAY,9,540,37
1866,0,33,RIO ARRIBA,9,2673,39
1867,0,33,ROOSEVELT,9,2374,41
1868,0,33,SANDOVAL,7,8294,43
1869,0,33,SAN JUAN,8,6682,45
1870,0,33,SAN MIGUEL,9,1842,47
1871,0,33,SANTA FE,8,6128,49
1872,0,33,SIERRA,9,814,51
1873,0,33,SOCORRO,9,805,53
1874,0,33,TAOS,9,2553,55
1875,0,33,TORRANCE,9,1443,57
1876,0,33,UNION,9,55,59
1877,0,33,VALENCIA,7,3119,61
1878,0,35,VIP,0,132,0
1879,0,35,ALBANY,7,5075,1
1880,0,35,ALLEGANY,9,2716,3
1881,0,35,BRONX,6,8449,5
1882,0,35,BROOME,8,3612,7
1883,0,35,CATTARAUGUS,8,3697,9
1884,0,35,CAYUGA,7,2943,11
1885,0,35,CHAUTAUQUA,8,3827,13
1886,0,35,CHEMUNG,8,2705,15
1887,0,35,CHENANGO,9,1356,17
1888,0,35,CLINTON,8,2125,19
1889,0,35,COLUMBIA,8,2547,21
1890,0,35,CORTLAND,9,498,23
1891,0,35,DELAWARE,9,2405,25
1892,0,35,DUTCHESS,6,4035,27
1893,0,35,ERIE,7,20789,29
1894,0,35,ESSEX,9,1167,31
1895,0,35,FRANKLIN,9,1601,33
1896,0,35,FULTON,9,1342,35
1897,0,35,GENESEE,7,2241,37
1898,0,35,GREENE,9,3120,39
1899,0,35,HAMILTON,9,599,41
1900,0,35,HERKIMER,8,2635,43
1901,0,35,JEFFERSON,8,4040,45
1902,0,35,KINGS,6,23558,47
1903,0,35,LEWIS,9,676,49
1904,0,35,LIVINGSTON,7,1853,51
1905,0,35,MADISON,7,1510,53
1906,0,35,MONROE,7,14121,55
1907,0,35,MONTGOMERY,7,889,57
1908,0,35,NASSAU,6,10321,59
1909,0,35,NEW YORK,6,13653,61
1910,0,35,NIAGARA,7,7479,63
1911,0,35,ONEIDA,8,4407,65
1912,0,35,ONONDAGA,7,7406,67
1913,0,35,ONTARIO,7,3180,69
1914,0,35,ORANGE,6,6145,71
1915,0,35,ORLEANS,7,1037,73
1916,0,35,OSWEGO,7,2857,75
1917,0,35,OTSEGO,9,1989,77
1918,0,35,PUTNAM,6,1046,79
1919,0,35,QUEENS,6,21239,81
1920,0,35,RENSSELAER,7,3753,83
1921,0,35,RICHMOND,6,3625,85
1922,0,35,ROCKLAND,6,2277,87
1923,0,35,SAINT LAWRENCE,8,3441,89
1924,0,35,SARATOGA,7,3830,91
1925,0,35,SCHENECTADY,7,2571,93
1926,0,35,SCHOHARIE,7,828,95
1927,0,35,SCHUYLER,9,1187,97
1928,0,35,SENECA,9,1102,99
1929,0,35,STEUBEN,8,2160,101
1930,0,35,SUFFOLK,6,18545,103
1931,0,35,SULLIVAN,8,3668,105
1932,0,35,TIOGA,8,2110,107
1933,0,35,TOMPKINS,8,1496,109
1934,0,35,ULSTER,8,3957,111
1935,0,35,WARREN,8,1747,113
1936,0,35,WASHINGTON,8,2625,115
1937,0,35,WAYNE,7,4171,117
1938,0,35,WESTCHESTER,6,7682,119
1939,0,35,WYOMING,9,1264,121
1940,0,35,YATES,9,787,123
1941,0,28,VIP,0,9,0
1942,0,28,ALAMANCE,7,4415,1
1943,0,28,ALEXANDER,7,3184,3
1944,0,28,ALLEGHANY,9,553,5
1945,0,28,ANSON,9,934,7
1946,0,28,ASHE,9,1257,9
1947,0,28,AVERY,9,1612,11
1948,0,28,BEAUFORT,9,1523,13
1949,0,28,BERTIE,9,1416,15
1950,0,28,BLADEN,9,2670,17
1951,0,28,BRUNSWICK,8,5819,19
1952,0,28,BUNCOMBE,8,6921,21
1953,0,28,BURKE,7,7236,23
1954,0,28,CABARRUS,7,10762,25
1955,0,28,CALDWELL,7,1205,27
1956,0,28,CAMDEN,9,1908,29
1957,0,28,CARTERET,8,2320,31
1958,0,28,CASWELL,9,1953,33
1959,0,28,CATAWBA,7,5229,35
1960,0,28,CHATHAM,7,6819,37
1961,0,28,CHEROKEE,9,1965,39
1962,0,28,CHOWAN,9,61,41
1963,0,28,CLAY,9,105,43
1964,0,28,CLEVELAND,8,2304,45
1965,0,28,COLUMBUS,9,2631,47
1966,0,28,CRAVEN,8,1871,49
757,0,16,HAMILTON,7,17198,57
758,0,16,HANCOCK,7,1233,59
759,0,16,HARRISON,7,470,61
760,0,16,HENDRICKS,7,8995,63
761,0,16,HENRY,9,493,65
762,0,16,HOWARD,8,2170,67
763,0,16,HUNTINGTON,7,1258,69
764,0,16,JACKSON,9,638,71
765,0,16,JASPER,9,1119,73
766,0,16,JAY,9,137,75
767,0,16,JEFFERSON,9,648,77
768,0,16,JENNINGS,9,840,79
769,0,16,JOHNSON,7,8236,81
770,0,16,KNOX,9,961,83
771,0,16,KOSCIUSKO,8,3784,85
772,0,16,LAGRANGE,9,1648,87
773,0,16,LAKE,6,14488,89
774,0,16,LA PORTE,8,4500,91
775,0,16,LAWRENCE,9,2014,93
776,0,16,MADISON,7,2939,95
777,0,16,MARION,7,36722,97
778,0,16,MARSHALL,9,1231,99
779,0,16,MARTIN,9,223,101
780,0,16,MIAMI,9,2327,103
781,0,16,MONROE,8,3092,105
782,0,16,MONTGOMERY,9,568,107
783,0,16,MORGAN,7,3053,109
784,0,16,NEWTON,9,2005,111
785,0,16,NOBLE,9,1999,113
786,0,16,OHIO,7,474,115
787,0,16,ORANGE,9,695,117
788,0,16,OWEN,9,965,119
789,0,16,PARKE,9,1649,121
790,0,16,PERRY,9,1094,123
791,0,16,PIKE,9,849,125
792,0,16,PORTER,6,6072,127
793,0,16,POSEY,8,2039,129
794,0,16,PULASKI,9,1129,131
795,0,16,PUTNAM,9,1409,133
796,0,16,RANDOLPH,9,1666,135
797,0,16,RIPLEY,9,1493,137
798,0,16,RUSH,9,476,139
799,0,16,ST JOSEPH,8,10610,141
800,0,16,SCOTT,7,316,143
801,0,16,SHELBY,7,5664,145
802,0,16,SPENCER,9,1024,147
803,0,16,STARKE,9,665,149
804,0,16,STEUBEN,9,1593,151
805,0,16,SULLIVAN,9,1057,153
806,0,16,SWITZERLAND,9,631,155
807,0,16,TIPPECANOE,8,3296,157
808,0,16,TIPTON,8,2460,159
809,0,16,UNION,9,1018,161
810,0,16,VANDERBURGH,8,6625,163
811,0,16,VERMILLION,8,1120,165
812,0,16,VIGO,8,2027,167
813,0,16,WABASH,9,703,169
814,0,16,WARREN,9,1045,171
815,0,16,WARRICK,8,3554,173
816,0,16,WASHINGTON,9,1488,175
817,0,16,WAYNE,8,1649,177
818,0,16,WELLS,7,304,179
819,0,16,WHITE,9,1558,181
820,0,16,WHITLEY,7,1598,183
821,0,13,VIP,0,39,0
822,0,13,ADAIR,9,555,1
823,0,13,ADAMS,9,94,3
824,0,13,ALLAMAKEE,9,548,5
825,0,13,APPANOOSE,9,511,7
826,0,13,AUDUBON,9,157,9
827,0,13,BENTON,9,826,11
828,0,13,BLACK HAWK,8,3164,13
829,0,13,BOONE,9,921,15
830,0,13,BREMER,9,550,17
831,0,13,BUCHANAN,9,356,19
832,0,13,BUENA VISTA,9,199,21
833,0,13,BUTLER,9,219,23
834,0,13,CALHOUN,9,245,25
835,0,13,CARROLL,9,613,27
836,0,13,CASS,9,357,29
837,0,13,CEDAR,9,610,31
838,0,13,CERRO GORDO,9,1576,33
839,0,13,CHEROKEE,9,352,35
840,0,13,CHICKASAW,9,131,37
841,0,13,CLARKE,9,213,39
842,0,13,CLAY,9,330,41
843,0,13,CLAYTON,9,417,43
844,0,13,CLINTON,9,2133,45
845,0,13,CRAWFORD,9,367,47
846,0,13,DALLAS,7,5397,49
847,0,13,DAVIS,9,99,51
848,0,13,DECATUR,9,250,53
849,0,13,DELAWARE,9,466,55
850,0,13,DES MOINES,9,1635,57
851,0,13,DICKINSON,9,756,59
852,0,13,DUBUQUE,8,2724,61
853,0,13,EMMET,9,281,63
854,0,13,FAYETTE,9,747,65
855,0,13,FLOYD,9,612,67
856,0,13,FRANKLIN,9,708,69
857,0,13,FREMONT,9,628,71
858,0,13,GREENE,9,179,73
859,0,13,GRUNDY,9,631,75
860,0,13,GUTHRIE,9,652,77
861,0,13,HAMILTON,9,118,79
862,0,13,HANCOCK,9,277,81
863,0,13,HARDIN,9,175,83
864,0,13,HARRISON,9,354,85
865,0,13,HENRY,9,508,87
866,0,13,HOWARD,9,309,89
867,0,13,HUMBOLDT,9,539,91
868,0,13,IDA,9,178,93
869,0,13,IOWA,9,292,95
870,0,13,JACKSON,9,316,97
871,0,13,JASPER,9,1785,99
872,0,13,JEFFERSON,9,252,101
873,0,13,JOHNSON,8,4045,103
874,0,13,JONES,9,456,105
875,0,13,KEOKUK,9,684,107
876,0,13,KOSSUTH,9,424,109
877,0,13,LEE,9,916,111
878,0,13,LINN,8,6676,113
879,0,13,LOUISA,9,122,115
880,0,13,LUCAS,9,87,117
881,0,13,LYON,9,435,119
882,0,13,MADISON,9,473,121
883,0,13,MAHASKA,9,1309,123
884,0,13,MARION,9,677,125
885,0,13,MARSHALL,9,960,127
886,0,13,MILLS,9,495,129
887,0,13,MITCHELL,9,130,131
888,0,13,MONONA,9,263,133
889,0,13,MONROE,9,273,135
890,0,13,MONTGOMERY,9,383,137
891,0,13,MUSCATINE,9,1452,139
892,0,13,OBRIEN,9,104,141
893,0,13,OSCEOLA,9,114,143
894,0,13,PAGE,9,264,145
895,0,13,PALO ALTO,9,311,147
896,0,13,PLYMOUTH,9,2252,149
897,0,13,POCAHONTAS,9,265,151
898,0,13,POLK,7,20835,153
899,0,13,POTTAWATTAMIE,7,2604,155
900,0,13,POWESHIEK,9,421,157
901,0,13,RINGGOLD,9,173,159
902,0,13,SAC,9,579,161
903,0,13,SCOTT,7,7192,163
904,0,13,SHELBY,9,402,165
905,0,13,SIOUX,9,866,167
906,0,13,STORY,8,2590,169
907,0,13,TAMA,9,443,171
908,0,13,TAYLOR,9,288,173
909,0,13,UNION,9,494,175
910,0,13,VAN BUREN,9,90,177
911,0,13,WAPELLO,9,60,179
912,0,13,WARREN,7,4827,181
913,0,13,WASHINGTON,9,456,183
914,0,13,WAYNE,9,506,185
915,0,13,WEBSTER,9,1230,187
916,0,13,WINNEBAGO,9,395,189
917,0,13,WINNESHIEK,9,289,191
918,0,13,WOODBURY,8,1920,193
919,0,13,WORTH,9,159,195
920,0,13,WRIGHT,9,510,197
921,0,17,VIP,0,41,0
922,0,17,ALLEN,9,913,1
923,0,17,ANDERSON,9,256,3
924,0,17,ATCHISON,9,331,5
925,0,17,BARBER,9,300,7
926,0,17,BARTON,9,202,9
927,0,17,BOURBON,9,491,11
928,0,17,BROWN,9,488,13
929,0,17,BUTLER,7,2678,15
930,0,17,CHASE,9,233,17
931,0,17,CHAUTAUQUA,9,279,19
932,0,17,CHEROKEE,9,1601,21
933,0,17,CHEYENNE,9,38,23
934,0,17,CLARK,9,133,25
935,0,17,CLAY,9,250,27
936,0,17,CLOUD,9,227,29
937,0,17,COFFEY,9,313,31
938,0,17,COMANCHE,9,94,33
939,0,17,COWLEY,9,1467,35
940,0,17,CRAWFORD,9,353,37
941,0,17,DECATUR,9,117,39
942,0,17,DICKINSON,9,1561,41
943,0,17,DONIPHAN,9,432,43
944,0,17,DOUGLAS,8,3679,45
945,0,17,EDWARDS,9,119,47
946,0,17,ELK,9,145,49
947,0,17,ELLIS,9,546,51
948,0,17,ELLSWORTH,9,121,53
949,0,17,FINNEY,9,30,55
950,0,17,FORD,9,1163,57
951,0,17,FRANKLIN,9,1750,59
952,0,17,GEARY,9,1233,61
953,0,17,GOVE,9,111,63
954,0,17,GRAHAM,9,134,65
955,0,17,GRANT,9,6,67
956,0,17,GRAY,9,81,69
957,0,17,GREELEY,9,41,71
958,0,17,GREENWOOD,9,58,73
959,0,17,HAMILTON,9,13,75
960,0,17,HARPER,9,330,77
961,0,17,HARVEY,7,1621,79
962,0,17,HASKELL,9,1505,81
963,0,17,HODGEMAN,9,354,83
964,0,17,JACKSON,9,761,85
965,0,17,JEFFERSON,9,1759,87
966,0,17,JEWELL,9,57,89
967,0,17,JOHNSON,7,15158,91
968,0,17,KEARNY,9,330,93
969,0,17,KINGMAN,9,320,95
970,0,17,KIOWA,9,36,97
971,0,17,LABETTE,9,652,99
972,0,17,LANE,9,42,101
973,0,17,LEAVENWORTH,7,5873,103
974,0,17,LINCOLN,9,327,105
975,0,17,LINN,9,522,107
976,0,17,LOGAN,9,14,109
977,0,17,LYON,9,1003,111
978,0,17,MCPHERSON,9,807,113
979,0,17,MARION,9,554,115
980,0,17,MARSHALL,9,320,117
981,0,17,MEADE,9,93,119
982,0,17,MIAMI,7,1567,121
983,0,17,MITCHELL,9,150,123
984,0,17,MONTGOMERY,9,1513,125
985,0,17,MORRIS,9,23,127
986,0,17,MORTON,9,134,129
987,0,17,NEMAHA,9,273,131
988,0,17,NEOSHO,9,154,133
989,0,17,NESS,9,71,135
990,0,17,NORTON,9,102,137
991,0,17,OSAGE,9,666,139
992,0,17,OSBORNE,9,99,141
993,0,17,OTTAWA,9,243,143
994,0,17,PAWNEE,9,36,145
995,0,17,PHILLIPS,9,118,147
996,0,17,POTTAWATOMIE,9,976,149
997,0,17,PRATT,9,427,151
998,0,17,RAWLINS,9,270,153
999,0,17,RENO,8,1580,155
1000,0,17,REPUBLIC,9,114,157
1001,0,17,RICE,9,1415,159
1002,0,17,RILEY,9,349,161
1003,0,17,ROOKS,9,90,163
1004,0,17,RUSH,9,77,165
1005,0,17,RUSSELL,9,162,167
1006,0,17,SALINE,9,2295,169
1007,0,17,SCOTT,9,485,171
1008,0,17,SEDGWICK,7,20067,173
1009,0,17,SEWARD,9,1570,175
1010,0,17,SHAWNEE,8,8326,177
1011,0,17,SHERIDAN,9,34,179
1012,0,17,SHERMAN,9,175,181
1013,0,17,SMITH,9,73,183
1014,0,17,STAFFORD,9,997,185
1015,0,17,STANTON,9,170,187
1016,0,17,STEVENS,9,177,189
1017,0,17,SUMNER,9,1227,191
1018,0,17,THOMAS,9,95,193
1019,0,17,TREGO,9,65,195
1020,0,17,WABAUNSEE,9,1727,197
1021,0,17,WALLACE,9,39,199
1022,0,17,WASHINGTON,9,138,201
1023,0,17,WICHITA,9,55,203
1024,0,17,WILSON,9,383,205
1025,0,17,WOODSON,9,208,207
1026,0,17,WYANDOTTE,7,6075,209
1027,0,18,VIP,0,0,0
1028,0,18,ADAIR,9,841,1
1029,0,18,ALLEN,9,701,3
1030,0,18,ANDERSON,9,1581,5
1031,0,18,BALLARD,9,287,7
1032,0,18,BARREN,9,303,9
1033,0,18,BATH,9,160,11
1034,0,18,BELL,9,891,13
1035,0,18,BOONE,7,6867,15
1036,0,18,BOURBON,7,1260,17
1037,0,18,BOYD,8,1945,19
1038,0,18,BOYLE,9,1062,21
1039,0,18,BRACKEN,9,602,23
1040,0,18,BREATHITT,9,205,25
1041,0,18,BRECKINRIDGE,9,1531,27
1042,0,18,BULLITT,7,5599,29
1043,0,18,BUTLER,9,627,31
1044,0,18,CALDWELL,9,1718,33
1045,0,18,CALLOWAY,9,2898,35
1046,0,18,CAMPBELL,7,2453,37
1047,0,18,CARLISLE,9,279,39
1048,0,18,CARROLL,9,691,41
1049,0,18,CARTER,8,720,43
1050,0,18,CASEY,9,1536,45
1051,0,18,CHRISTIAN,8,5407,47
1052,0,18,CLARK,7,1729,49
1053,0,18,CLAY,9,721,51
1054,0,18,CLINTON,9,1189,53
1055,0,18,CRITTENDEN,9,109,55
1056,0,18,CUMBERLAND,9,7,57
1057,0,18,DAVIESS,8,5901,59
1058,0,18,EDMONSON,9,1394,61
1059,0,18,ELLIOTT,9,56,63
1060,0,18,ESTILL,9,5,65
1061,0,18,FAYETTE,7,12081,67
1062,0,18,FLEMING,9,506,69
1063,0,18,FLOYD,9,1065,71
1064,0,18,FRANKLIN,9,380,73
1065,0,18,FULTON,9,170,75
1066,0,18,GALLATIN,7,367,77
1067,0,18,GARRARD,9,746,79
1068,0,18,GRANT,7,684,81
1069,0,18,GRAVES,9,345,83
1070,0,18,GRAYSON,9,379,85
1071,0,18,GREEN,9,12,87
1072,0,18,GREENUP,8,2369,89
1073,0,18,HANCOCK,9,633,91
1074,0,18,HARDIN,8,4089,93
1075,0,18,HARLAN,9,1369,95
1076,0,18,HARRISON,9,8,97
1077,0,18,HART,9,170,99
1078,0,18,HENDERSON,8,2506,101
1079,0,18,HENRY,9,3674,103
1080,0,18,HICKMAN,9,714,105
1081,0,18,HOPKINS,9,2826,107
1082,0,18,JACKSON,9,1005,109
1083,0,18,JEFFERSON,7,27044,111
1084,0,18,JESSAMINE,7,2562,113
1085,0,18,JOHNSON,9,616,115
1086,0,18,KENTON,7,2737,117
1087,0,18,KNOTT,9,476,119
1088,0,18,KNOX,9,2529,121
1089,0,18,LARUE,9,52,123
1090,0,18,LAUREL,9,649,125
1091,0,18,LAWRENCE,9,52,127
1092,0,18,LEE,9,600,129
1093,0,18,LESLIE,9,403,131
1094,0,18,LETCHER,9,727,133
1095,0,18,LEWIS,9,1692,135
1096,0,18,LINCOLN,9,457,137
1097,0,18,LIVINGSTON,9,535,139
1098,0,18,LOGAN,9,1280,141
1099,0,18,LYON,9,1314,143
1100,0,18,MCCRACKEN,8,3321,145
1101,0,18,MCCREARY,9,377,147
1102,0,18,MCLEAN,9,1575,149
1103,0,18,MADISON,7,4011,151
1104,0,18,MAGOFFIN,9,264,153
1105,0,18,MARION,9,677,155
1106,0,18,MARSHALL,9,1958,157
1107,0,18,MARTIN,9,615,159
1108,0,18,MASON,9,140,161
1109,0,18,MEADE,9,1430,163
1110,0,18,MENIFEE,9,1138,165
1111,0,18,MERCER,9,1361,167
1112,0,18,METCALFE,9,134,169
1113,0,18,MONROE,9,471,171
1114,0,18,MONTGOMERY,9,2929,173
1115,0,18,MORGAN,9,288,175
1116,0,18,MUHLENBERG,9,685,177
1117,0,18,NELSON,9,3313,179
1118,0,18,NICHOLAS,9,184,181
1119,0,18,OHIO,9,1647,183
1120,0,18,OLDHAM,7,4810,185
1121,0,18,OWEN,9,780,187
1122,0,18,OWSLEY,9,50,189
1123,0,18,PENDLETON,7,1033,191
1124,0,18,PERRY,9,1078,193
1125,0,18,PIKE,8,2390,195
1126,0,18,POWELL,9,51,197
1127,0,18,PULASKI,9,2457,199
1128,0,18,ROBERTSON,9,1591,201
1129,0,18,ROCKCASTLE,9,335,203
1130,0,18,ROWAN,9,1320,205
1131,0,18,RUSSELL,9,318,207
1132,0,18,SCOTT,7,403,209
1133,0,18,SHELBY,9,2947,211
1134,0,18,SIMPSON,9,1324,213
1135,0,18,SPENCER,9,1375,215
1136,0,18,TAYLOR,9,1056,217
1137,0,18,TODD,9,392,219
1138,0,18,TRIGG,9,1226,221
1139,0,18,TRIMBLE,9,329,223
1140,0,18,UNION,9,536,225
1141,0,18,WARREN,8,1717,227
1142,0,18,WASHINGTON,9,1918,229
1143,0,18,WAYNE,9,123,231
1144,0,18,WEBSTER,9,1105,233
1145,0,18,WHITLEY,9,956,235
1146,0,18,WOLFE,9,475,237
1147,0,18,WOODFORD,7,343,239
1148,0,19,VIP,0,0,0
1149,0,19,ACADIA,7,4155,1
1150,0,19,ALLEN,9,2016,3
1151,0,19,ASCENSION,7,5984,5
1152,0,19,ASSUMPTION,9,4179,7
1153,0,19,AVOYELLES,9,3072,9
1154,0,19,BEAUREGARD,9,3267,11
1155,0,19,BIENVILLE,9,1383,13
1156,0,19,BOSSIER,7,7702,15
1157,0,19,CADDO,7,14294,17
1158,0,19,CALCASIEU,8,10438,19
1159,0,19,CALDWELL,9,362,21
1160,0,19,CAMERON,9,1003,23
1161,0,19,CATAHOULA,9,334,25
1162,0,19,CLAIBORNE,9,1329,27
1163,0,19,CONCORDIA,9,1421,29
1164,0,19,DE SOTO,9,2319,31
1165,0,19,EAST BATON ROUGE,7,19479,33
1166,0,19,EAST CARROLL,9,683,35
1167,0,19,EAST FELICIANA,9,3501,37
1168,0,19,EVANGELINE,9,3793,39
1169,0,19,FRANKLIN,9,1868,41
1170,0,19,GRANT,9,624,43
1171,0,19,IBERIA,8,5883,45
1172,0,19,IBERVILLE,9,4322,47
1173,0,19,JACKSON,9,2280,49
1174,0,19,JEFFERSON,7,24082,51
1175,0,19,JEFFERSON DAVIS,9,2809,53
1176,0,19,LAFAYETTE,7,11089,55
1177,0,19,LAFOURCHE,8,4065,57
1178,0,19,LA SALLE,9,1586,59
1179,0,19,LINCOLN,9,198,61
1180,0,19,LIVINGSTON,7,7138,63
1181,0,19,MADISON,9,1359,65
1182,0,19,MOREHOUSE,9,125,67
1183,0,19,NATCHITOCHES,9,850,69
1184,0,19,ORLEANS,7,14974,71
1185,0,19,OUACHITA,8,8405,73
1186,0,19,PLAQUEMINES,7,1865,75
1187,0,19,POINTE COUPEE,9,2895,77
1188,0,19,RAPIDES,8,6546,79
1189,0,19,RED RIVER,9,250,81
1190,0,19,RICHLAND,9,789,83
1191,0,19,SABINE,9,2284,85
1192,0,19,SAINT BERNARD,7,2904,87
1193,0,19,SAINT CHARLES,7,3186,89
1194,0,19,SAINT HELENA,9,3814,91
1195,0,19,SAINT JAMES,7,1557,93
1196,0,19,ST JOHN THE BAPTIST,7,2535,95
1197,0,19,SAINT LANDRY,7,6912,97
1198,0,19,SAINT MARTIN,7,2461,99
1199,0,19,SAINT MARY,9,4752,101
1200,0,19,SAINT TAMMANY,7,15558,103
1201,0,19,TANGIPAHOA,8,7015,105
1202,0,19,TENSAS,9,415,107
1203,0,19,TERREBONNE,8,5937,109
1204,0,19,UNION,9,1972,111
1205,0,19,VERMILION,9,4759,113
1206,0,19,VERNON,9,3774,115
1207,0,19,WASHINGTON,9,3941,117
1208,0,19,WEBSTER,7,2956,119
1209,0,19,WEST BATON ROUGE,7,952,121
1210,0,19,WEST CARROLL,9,121,123
1211,0,19,WEST FELICIANA,9,1162,125
1212,0,19,WINN,9,2020,127
1213,0,22,VIP,0,1,0
1214,0,22,ANDROSCOGGIN,8,2777,1
1215,0,22,AROOSTOOK,8,963,3
1216,0,22,CUMBERLAND,8,4951,5
1217,0,22,FRANKLIN,9,1448,7
1218,0,22,HANCOCK,9,3046,9
1219,0,22,KENNEBEC,8,3245,11
1220,0,22,KNOX,9,1144,13
1221,0,22,LINCOLN,9,1277,15
1222,0,22,OXFORD,9,1862,17
1223,0,22,PENOBSCOT,8,4876,19
1224,0,22,PISCATAQUIS,9,997,21
1225,0,22,SAGADAHOC,9,1031,23
1226,0,22,SOMERSET,9,2427,25
1227,0,22,WALDO,9,1709,27
1228,0,22,WASHINGTON,9,1573,29
1229,0,22,YORK,8,5689,31
1230,0,21,VIP,0,1,0
1231,0,21,ALLEGANY,8,2258,1
1232,0,21,ANNE ARUNDEL,6,7273,3
1233,0,21,BALTIMORE,6,15505,5
1234,0,21,CALVERT,6,2127,9
1235,0,21,CAROLINE,9,891,11
1236,0,21,CARROLL,6,5902,13
1237,0,21,CECIL,6,3591,15
1238,0,21,CHARLES,6,4152,17
1239,0,21,DORCHESTER,9,1736,19
1240,0,21,FREDERICK,6,6803,21
1241,0,21,GARRETT,9,1963,23
1242,0,21,HARFORD,6,3826,25
1243,0,21,HOWARD,6,2341,27
1244,0,21,KENT,9,678,29
1245,0,21,MONTGOMERY,6,11706,31
1246,0,21,PRINCE GEORGES,6,15939,33
1247,0,21,QUEEN ANNES,6,2955,35
1248,0,21,SAINT MARYS,8,5490,37
1249,0,21,SOMERSET,9,899,39
1250,0,21,TALBOT,9,1606,41
1251,0,21,WASHINGTON,6,5724,43
1252,0,21,WICOMICO,8,2510,45
1253,0,21,WORCESTER,9,2373,47
1254,0,21,BALTIMORE CITY,6,12580,510
1255,0,20,VIP,0,0,0
1256,0,20,BARNSTABLE,8,3492,1
1257,0,20,BERKSHIRE,8,3645,3
1258,0,20,BRISTOL,6,5696,5
1259,0,20,DUKES,9,560,7
1260,0,20,ESSEX,6,7195,9
1261,0,20,FRANKLIN,8,1830,11
1262,0,20,HAMPDEN,7,5512,13
1263,0,20,HAMPSHIRE,7,2123,15
1264,0,20,MIDDLESEX,6,8488,17
1265,0,20,NANTUCKET,9,282,19
1266,0,20,NORFOLK,6,4179,21
1267,0,20,PLYMOUTH,6,4165,23
1268,0,20,SUFFOLK,6,7281,25
1269,0,20,WORCESTER,6,10635,27
1270,0,23,VIP,0,14,0
1271,0,23,ALCONA,9,445,1
1272,0,23,ALGER,9,489,3
1273,0,23,ALLEGAN,7,5213,5
1274,0,23,ALPENA,9,182,7
1275,0,23,ANTRIM,9,1611,9
1276,0,23,ARENAC,9,556,11
1277,0,23,BARAGA,9,782,13
1278,0,23,BARRY,9,3029,15
1279,0,23,BAY,7,5566,17
1280,0,23,BENZIE,9,886,19
1281,0,23,BERRIEN,8,4860,21
1282,0,23,BRANCH,9,1507,23
1283,0,23,CALHOUN,7,5427,25
1284,0,23,CASS,9,2083,27
1285,0,23,CHARLEVOIX,9,1268,29
1286,0,23,CHEBOYGAN,9,1576,31
1287,0,23,CHIPPEWA,9,1604,33
1288,0,23,CLARE,9,1499,35
1289,0,23,CLINTON,7,7285,37
1290,0,23,CRAWFORD,9,447,39
1291,0,23,DELTA,9,1787,41
1292,0,23,DICKINSON,9,805,43
1293,0,23,EATON,7,6022,45
1294,0,23,EMMET,9,1358,47
1295,0,23,GENESEE,6,14026,49
1296,0,23,GLADWIN,9,395,51
1297,0,23,GOGEBIC,9,786,53
1298,0,23,GRAND TRAVERSE,8,877,55
1299,0,23,GRATIOT,9,1160,57
1300,0,23,HILLSDALE,9,2311,59
1301,0,23,HOUGHTON,9,933,61
1302,0,23,HURON,9,1595,63
1303,0,23,INGHAM,7,6485,65
1304,0,23,IONIA,9,2482,67
1305,0,23,IOSCO,9,467,69
1306,0,23,IRON,9,709,71
1307,0,23,ISABELLA,9,735,73
1308,0,23,JACKSON,8,5767,75
1309,0,23,KALAMAZOO,7,7067,77
1310,0,23,KALKASKA,9,1097,79
1311,0,23,KENT,7,17747,81
1312,0,23,KEWEENAW,9,153,83
1313,0,23,LAKE,9,1168,85
1314,0,23,LAPEER,6,2931,87
1315,0,23,LEELANAU,9,1557,89
1316,0,23,LENAWEE,6,3062,91
1317,0,23,LIVINGSTON,6,7006,93
1318,0,23,LUCE,9,155,95
1319,0,23,MACKINAC,9,1299,97
1320,0,23,MACOMB,6,24199,99
1321,0,23,MANISTEE,9,1017,101
1322,0,23,MARQUETTE,8,1947,103
1323,0,23,MASON,9,1112,105
1324,0,23,MECOSTA,9,1050,107
1325,0,23,MENOMINEE,9,1386,109
1326,0,23,MIDLAND,7,1555,111
1327,0,23,MISSAUKEE,9,1624,113
1328,0,23,MONROE,6,4398,115
1329,0,23,MONTCALM,9,1250,117
1330,0,23,MONTMORENCY,9,647,119
1331,0,23,MUSKEGON,7,3601,121
1332,0,23,NEWAYGO,9,2190,123
1333,0,23,OAKLAND,6,32032,125
1334,0,23,OCEANA,9,1673,127
1335,0,23,OGEMAW,9,876,129
1336,0,23,ONTONAGON,9,483,131
1337,0,23,OSCEOLA,9,321,133
1338,0,23,OSCODA,9,559,135
1339,0,23,OTSEGO,9,1060,137
1340,0,23,OTTAWA,7,5826,139
1341,0,23,PRESQUE ISLE,9,1247,141
1342,0,23,ROSCOMMON,9,1830,143
1343,0,23,SAGINAW,7,5293,145
1344,0,23,SAINT CLAIR,6,7734,147
1345,0,23,SAINT JOSEPH,9,1758,149
1346,0,23,SANILAC,9,2660,151
1347,0,23,SCHOOLCRAFT,9,650,153
1348,0,23,SHIAWASSEE,8,2550,155
1349,0,23,TUSCOLA,9,1762,157
1350,0,23,VAN BUREN,7,4787,159
1351,0,23,WASHTENAW,6,7661,161
1352,0,23,WAYNE,6,56063,163
1353,0,23,WEXFORD,9,1245,165
1354,0,24,VIP,0,25,0
1355,0,24,AITKIN,9,1419,1
1356,0,24,ANOKA,6,7389,3
1357,0,24,BECKER,9,767,5
1358,0,24,BELTRAMI,9,441,7
1359,0,24,BENTON,8,1877,9
1360,0,24,BIG STONE,9,127,11
1361,0,24,BLUE EARTH,9,928,13
1362,0,24,BROWN,9,241,15
1363,0,24,CARLTON,9,1892,17
1364,0,24,CARVER,6,3623,19
1365,0,24,CASS,9,3777,21
1366,0,24,CHIPPEWA,9,357,23
1367,0,24,CHISAGO,6,3406,25
1368,0,24,CLAY,8,590,27
1369,0,24,CLEARWATER,9,140,29
1370,0,24,COOK,9,426,31
1371,0,24,COTTONWOOD,9,238,33
1372,0,24,CROW WING,9,1672,35
1373,0,24,DAKOTA,6,6549,37
1374,0,24,DODGE,9,807,39
1375,0,24,DOUGLAS,9,361,41
1376,0,24,FARIBAULT,9,111,43
1377,0,24,FILLMORE,9,944,45
1378,0,24,FREEBORN,9,677,47
1379,0,24,GOODHUE,9,1057,49
1380,0,24,GRANT,9,186,51
1381,0,24,HENNEPIN,6,26731,53
1382,0,24,HOUSTON,8,335,55
1383,0,24,HUBBARD,9,1074,57
1384,0,24,ISANTI,6,2184,59
1385,0,24,ITASCA,9,1912,61
1386,0,24,JACKSON,9,512,63
1387,0,24,KANABEC,9,1288,65
1388,0,24,KANDIYOHI,9,952,67
1389,0,24,KITTSON,9,92,69
1390,0,24,KOOCHICHING,9,462,71
1391,0,24,LAC QUI PARLE,9,272,73
1392,0,24,LAKE,9,635,75
1393,0,24,LAKE OF THE WOODS,9,64,77
1394,0,24,LE SUEUR,9,571,79
1395,0,24,LINCOLN,9,516,81
1396,0,24,LYON,9,270,83
1397,0,24,MCLEOD,9,884,85
1398,0,24,MAHNOMEN,9,54,87
1399,0,24,MARSHALL,9,437,89
1400,0,24,MARTIN,9,692,91
1401,0,24,MEEKER,9,1052,93
1402,0,24,MILLE LACS,9,418,95
1403,0,24,MORRISON,9,1470,97
1404,0,24,MOWER,9,826,99
1405,0,24,MURRAY,9,305,101
1406,0,24,NICOLLET,9,1520,103
1407,0,24,NOBLES,9,441,105
1408,0,24,NORMAN,9,268,107
1409,0,24,OLMSTED,8,2873,109
1410,0,24,OTTER TAIL,9,2141,111
1411,0,24,PENNINGTON,9,1,113
1412,0,24,PINE,9,877,115
1413,0,24,PIPESTONE,9,125,117
1414,0,24,POLK,8,884,119
1415,0,24,POPE,9,1024,121
1416,0,24,RAMSEY,6,13202,123
1417,0,24,RED LAKE,9,127,125
1418,0,24,REDWOOD,9,713,127
1419,0,24,RENVILLE,9,541,129
1420,0,24,RICE,9,1465,131
1421,0,24,ROCK,9,206,133
1422,0,24,ROSEAU,9,374,135
1423,0,24,SAINT LOUIS,8,7489,137
1424,0,24,SCOTT,6,5375,139
1425,0,24,SHERBURNE,6,1603,141
1426,0,24,SIBLEY,9,652,143
1427,0,24,STEARNS,8,3097,145
1428,0,24,STEELE,9,764,147
1429,0,24,STEVENS,9,116,149
1430,0,24,SWIFT,9,282,151
1431,0,24,TODD,9,561,153
1432,0,24,TRAVERSE,9,196,155
1433,0,24,WABASHA,9,527,157
1434,0,24,WADENA,9,203,159
1435,0,24,WASECA,9,752,161
1436,0,24,WASHINGTON,6,6532,163
1437,0,24,WATONWAN,9,397,165
1438,0,24,WILKIN,9,1022,167
1439,0,24,WINONA,9,430,169
1440,0,24,WRIGHT,6,5124,171
1441,0,24,YELLOW MEDICINE,9,247,173
1442,0,26,VIP,0,7,0
1443,0,26,ADAMS,9,640,1
1444,0,26,ALCORN,9,2654,3
1445,0,26,AMITE,9,3068,5
1446,0,26,ATTALA,9,393,7
1447,0,26,BENTON,9,866,9
1448,0,26,BOLIVAR,9,2832,11
1449,0,26,CALHOUN,9,1442,13
1450,0,26,CARROLL,9,3161,15
1451,0,26,CHICKASAW,9,144,17
1452,0,26,CHOCTAW,9,937,19
1453,0,26,CLAIBORNE,9,320,21
1454,0,26,CLARKE,9,2538,23
1455,0,26,CLAY,9,3626,25
1456,0,26,COAHOMA,9,1904,27
1457,0,26,COPIAH,9,1767,29
1458,0,26,COVINGTON,9,1335,31
1459,0,26,DESOTO,7,14071,33
1460,0,26,FORREST,8,4207,35
1461,0,26,FRANKLIN,9,1834,37
1462,0,26,GEORGE,9,98,39
1463,0,26,GREENE,9,2233,41
1464,0,26,GRENADA,9,554,43
1465,0,26,HANCOCK,7,4387,45
1466,0,26,HARRISON,7,13875,47
1467,0,26,HINDS,7,10965,49
1468,0,26,HOLMES,9,922,51
1469,0,26,HUMPHREYS,9,142,53
1470,0,26,ISSAQUENA,9,87,55
1471,0,26,ITAWAMBA,9,2476,57
1472,0,26,JACKSON,7,13128,59
1473,0,26,JASPER,9,1773,61
1474,0,26,JEFFERSON,9,3922,63
1475,0,26,JEFFERSON DAVIS,9,1072,65
1476,0,26,JONES,9,2809,67
1477,0,26,KEMPER,9,440,69
1478,0,26,LAFAYETTE,9,4999,71
1479,0,26,LAMAR,8,1052,73
1480,0,26,LAUDERDALE,8,3101,75
1481,0,26,LAWRENCE,9,2103,77
1482,0,26,LEAKE,9,2440,79
1483,0,26,LEE,8,4857,81
1484,0,26,LEFLORE,9,667,83
1485,0,26,LINCOLN,9,2363,85
1486,0,26,LOWNDES,9,3170,87
1487,0,26,MADISON,7,7751,89
1488,0,26,MARION,9,296,91
1489,0,26,MARSHALL,9,3009,93
1490,0,26,MONROE,9,3683,95
1491,0,26,MONTGOMERY,9,81,97
1492,0,26,NESHOBA,9,948,99
1493,0,26,NEWTON,9,1664,101
1494,0,26,NOXUBEE,9,884,103
1495,0,26,OKTIBBEHA,9,259,105
1496,0,26,PANOLA,9,2761,107
1497,0,26,PEARL RIVER,9,2566,109
1498,0,26,PERRY,9,188,111
1499,0,26,PIKE,9,1510,113
1500,0,26,PONTOTOC,9,1495,115
1501,0,26,PRENTISS,9,66,117
1502,0,26,QUITMAN,9,2089,119
1503,0,26,RANKIN,7,6217,121
1504,0,26,SCOTT,9,1568,123
1505,0,26,SHARKEY,9,103,125
1506,0,26,SIMPSON,9,2330,127
1507,0,26,SMITH,9,3135,129
1508,0,26,STONE,9,796,131
1509,0,26,SUNFLOWER,9,2111,133
1510,0,26,TALLAHATCHIE,9,2460,135
1511,0,26,TATE,9,1700,137
1512,0,26,TIPPAH,9,1797,139
1513,0,26,TISHOMINGO,9,1628,141
1514,0,26,TUNICA,9,358,143
1515,0,26,UNION,9,2074,145
1516,0,26,WALTHALL,9,482,147
1517,0,26,WARREN,9,4327,149
1518,0,26,WASHINGTON,9,2905,151
1519,0,26,WAYNE,9,1097,153
1520,0,26,WEBSTER,9,454,155
1521,0,26,WILKINSON,9,310,157
1522,0,26,WINSTON,9,1399,159
1523,0,26,YALOBUSHA,9,314,161
1524,0,26,YAZOO,9,358,163
1525,0,25,VIP,0,5,0
1526,0,25,ADAIR,9,330,1
1527,0,25,ANDREW,8,3069,3
1528,0,25,ATCHISON,9,196,5
1529,0,25,AUDRAIN,9,1114,7
1530,0,25,BARRY,9,1498,9
1531,0,25,BARTON,9,851,11
1532,0,25,BATES,9,1249,13
1533,0,25,BENTON,9,1619,15
1534,0,25,BOLLINGER,9,797,17
1535,0,25,BOONE,8,5350,19
1536,0,25,BUCHANAN,8,2161,21
1537,0,25,BUTLER,9,602,23
1538,0,25,CALDWELL,9,503,25
1539,0,25,CALLAWAY,9,4785,27
1540,0,25,CAMDEN,9,3358,29
1541,0,25,CAPE GIRARDEAU,8,4677,31
1542,0,25,CARROLL,9,469,33
1543,0,25,CARTER,9,2747,35
1544,0,25,CASS,7,12718,37
1545,0,25,CEDAR,9,348,39
1546,0,25,CHARITON,9,204,41
1547,0,25,CHRISTIAN,8,4314,43
1548,0,25,CLARK,9,222,45
1549,0,25,CLAY,7,8383,47
1550,0,25,CLINTON,7,943,49
1551,0,25,COLE,8,467,51
1552,0,25,COOPER,9,2642,53
1553,0,25,CRAWFORD,9,1926,55
1554,0,25,DADE,9,388,57
1555,0,25,DALLAS,9,694,59
1556,0,25,DAVIESS,9,1022,61
1557,0,25,DEKALB,9,216,63
1558,0,25,DENT,9,2113,65
1559,0,25,DOUGLAS,9,560,67
1560,0,25,DUNKLIN,9,1857,69
1561,0,25,FRANKLIN,6,4558,71
1562,0,25,GASCONADE,9,871,73
1563,0,25,GENTRY,9,520,75
1564,0,25,GREENE,8,16240,77
1565,0,25,GRUNDY,9,336,79
1566,0,25,HARRISON,9,332,81
1567,0,25,HENRY,9,924,83
1568,0,25,HICKORY,9,645,85
1569,0,25,HOLT,9,253,87
1570,0,25,HOWARD,9,737,89
1571,0,25,HOWELL,9,1468,91
1572,0,25,IRON,9,686,93
1573,0,25,JACKSON,7,17595,95
1574,0,25,JASPER,8,3210,97
1575,0,25,JEFFERSON,6,10387,99
1576,0,25,JOHNSON,9,1800,101
1577,0,25,KNOX,9,127,103
1578,0,25,LACLEDE,9,1424,105
1579,0,25,LAFAYETTE,7,1623,107
1580,0,25,LAWRENCE,9,4231,109
1581,0,25,LEWIS,9,379,111
1582,0,25,LINCOLN,6,3859,113
1583,0,25,LINN,9,694,115
1584,0,25,LIVINGSTON,9,211,117
1585,0,25,MCDONALD,9,848,119
1586,0,25,MACON,9,275,121
1587,0,25,MADISON,9,264,123
1588,0,25,MARIES,9,570,125
1589,0,25,MARION,9,732,127
1590,0,25,MERCER,9,85,129
1591,0,25,MILLER,9,1528,131
1592,0,25,MISSISSIPPI,9,490,133
1593,0,25,MONITEAU,9,288,135
1594,0,25,MONROE,9,199,137
1595,0,25,MONTGOMERY,9,1156,139
1596,0,25,MORGAN,9,970,141
1597,0,25,NEW MADRID,9,1906,143
1598,0,25,NEWTON,8,6573,145
1599,0,25,NODAWAY,9,679,147
1600,0,25,OREGON,9,434,149
1601,0,25,OSAGE,9,2182,151
1602,0,25,OZARK,9,337,153
1603,0,25,PEMISCOT,9,1357,155
1604,0,25,PERRY,9,1284,157
1605,0,25,PETTIS,9,476,159
1606,0,25,PHELPS,9,585,161
1607,0,25,PIKE,9,861,163
1608,0,25,PLATTE,7,5105,165
1609,0,25,POLK,9,1104,167
1610,0,25,PULASKI,9,2940,169
1611,0,25,PUTNAM,9,23,171
1612,0,25,RALLS,9,564,173
1613,0,25,RANDOLPH,9,743,175
1614,0,25,RAY,7,1758,177
1615,0,25,REYNOLDS,9,612,179
1616,0,25,RIPLEY,9,649,181
1617,0,25,SAINT CHARLES,6,19068,183
1618,0,25,SAINT CLAIR,9,216,185
1619,0,25,SAINTE GENEVIEVE,9,239,186
1620,0,25,SAINT FRANCOIS,9,3965,187
1621,0,25,SAINT LOUIS,6,38596,189
1622,0,25,SAINTE GENEVIEVE,0,2935,193
1623,0,25,SALINE,9,1368,195
1624,0,25,SCHUYLER,9,87,197
1625,0,25,SCOTLAND,9,76,199
1626,0,25,SCOTT,9,704,201
1627,0,25,SHANNON,9,520,203
1628,0,25,SHELBY,9,155,205
1629,0,25,STODDARD,9,1555,207
1630,0,25,STONE,9,2159,209
1631,0,25,SULLIVAN,9,767,211
1632,0,25,TANEY,9,2494,213
1633,0,25,TEXAS,9,1157,215
1634,0,25,VERNON,9,1133,217
1635,0,25,WARREN,6,1627,219
1636,0,25,WASHINGTON,9,2613,221
1637,0,25,WAYNE,9,399,223
1638,0,25,WEBSTER,8,813,225
1639,0,25,WORTH,9,99,227
1640,0,25,WRIGHT,9,758,229
1641,0,25,SAINT LOUIS CITY,6,22680,510
1642,0,27,VIP,0,1,0
1643,0,27,BEAVERHEAD,9,426,1
1644,0,27,BIG HORN,9,662,3
1645,0,27,BLAINE,9,570,5
1646,0,27,BROADWATER,9,162,7
1647,0,27,CARBON,9,1018,9
1648,0,27,CARTER,9,33,11
1649,0,27,CASCADE,8,2635,13
1650,0,27,CHOUTEAU,9,296,15
1651,0,27,CUSTER,9,391,17
1652,0,27,DANIELS,9,19,19
1653,0,27,DAWSON,9,55,21
1654,0,27,DEER LODGE,9,570,23
1655,0,27,FALLON,9,431,25
1656,0,27,FERGUS,9,359,27
1657,0,27,FLATHEAD,8,3851,29
1658,0,27,GALLATIN,8,5374,31
1659,0,27,GARFIELD,9,106,33
1660,0,27,GLACIER,9,313,35
1661,0,27,GOLDEN VALLEY,9,0,37
1662,0,27,GRANITE,9,209,39
2726,0,44,LA SALLE,9,985,283
2727,0,44,LAVACA,9,1964,285
2728,0,44,LEE,9,362,287
2729,0,44,LEON,9,1914,289
2730,0,44,LIBERTY,6,6125,291
2731,0,44,LIMESTONE,9,1552,293
2732,0,44,LIPSCOMB,9,236,295
2733,0,44,LIVE OAK,9,2712,297
2734,0,44,LLANO,9,3778,299
2735,0,44,LOVING,9,8,301
2736,0,44,LUBBOCK,8,14160,303
2737,0,44,LYNN,9,3265,305
2738,0,44,MCCULLOCH,9,244,307
2739,0,44,MCLENNAN,8,9317,309
2740,0,44,MCMULLEN,9,662,311
2741,0,44,MADISON,9,194,313
2742,0,44,MARION,9,297,315
2743,0,44,MARTIN,9,5458,317
2744,0,44,MASON,9,100,319
2745,0,44,MATAGORDA,9,4231,321
2746,0,44,MAVERICK,9,2299,323
2747,0,44,MEDINA,9,5839,325
2748,0,44,MENARD,9,400,327
2749,0,44,MIDLAND,8,11263,329
2750,0,44,MILAM,9,2752,331
2751,0,44,MILLS,9,1175,333
2752,0,44,MITCHELL,9,711,335
2753,0,44,MONTAGUE,9,1483,337
2754,0,44,MONTGOMERY,6,69242,339
2755,0,44,MOORE,9,1260,341
2756,0,44,MORRIS,9,1726,343
2757,0,44,MOTLEY,9,72,345
2758,0,44,NACOGDOCHES,9,3149,347
2759,0,44,NAVARRO,9,5659,349
2760,0,44,NEWTON,9,363,351
2761,0,44,NOLAN,9,694,353
2762,0,44,NUECES,7,6403,355
2763,0,44,OCHILTREE,9,427,357
2764,0,44,OLDHAM,9,153,359
2765,0,44,ORANGE,7,3084,361
2766,0,44,PALO PINTO,9,2873,363
2767,0,44,PANOLA,9,2765,365
2768,0,44,PARKER,6,14530,367
2769,0,44,PARMER,9,93,369
2770,0,44,PECOS,9,1032,371
2771,0,44,POLK,9,3296,373
2772,0,44,POTTER,8,4929,375
2773,0,44,PRESIDIO,9,348,377
2774,0,44,RAINS,9,1370,379
2775,0,44,RANDALL,8,5639,381
2776,0,44,REAGAN,9,309,383
2777,0,44,REAL,9,1203,385
2778,0,44,RED RIVER,9,1220,387
2779,0,44,REEVES,9,938,389
2780,0,44,REFUGIO,9,1703,391
2781,0,44,ROBERTS,9,50,393
2782,0,44,ROBERTSON,9,1926,395
2783,0,44,ROCKWALL,6,41876,397
2784,0,44,RUNNELS,9,538,399
2785,0,44,RUSK,9,1250,401
2786,0,44,SABINE,9,1648,403
2787,0,44,SAN AUGUSTINE,9,1123,405
2788,0,44,SAN JACINTO,9,3629,407
2789,0,44,SAN PATRICIO,7,8418,409
2790,0,44,SAN SABA,9,427,411
2791,0,44,SCHLEICHER,9,88,413
2792,0,44,SCURRY,9,58,415
2793,0,44,SHACKELFORD,9,264,417
2794,0,44,SHELBY,9,1155,419
2795,0,44,SHERMAN,9,280,421
2796,0,44,SMITH,8,16156,423
2797,0,44,SOMERVELL,9,250,425
2798,0,44,STARR,9,1372,427
2799,0,44,STEPHENS,9,2090,429
2800,0,44,STERLING,9,0,431
2801,0,44,STONEWALL,9,286,433
2802,0,44,SUTTON,9,161,435
2803,0,44,SWISHER,9,114,437
2804,0,44,TARRANT,6,71292,439
2805,0,44,TAYLOR,8,5288,441
2806,0,44,TERRELL,9,74,443
2807,0,44,TERRY,9,825,445
2808,0,44,THROCKMORTON,9,194,447
2809,0,44,TITUS,9,130,449
2810,0,44,TOM GREEN,8,892,451
2811,0,44,TRAVIS,7,27786,453
2812,0,44,TRINITY,9,638,455
2813,0,44,TYLER,9,2046,457
2814,0,44,UPSHUR,8,3831,459
2815,0,44,UPTON,9,407,461
2816,0,44,UVALDE,9,2191,463
2817,0,44,VAL VERDE,9,1911,465
2818,0,44,VAN ZANDT,9,4951,467
2819,0,44,VICTORIA,8,3177,469
2820,0,44,WALKER,9,4675,471
2821,0,44,WALLER,6,7653,473
2822,0,44,WARD,9,1031,475
2823,0,44,WASHINGTON,9,403,477
2824,0,44,WEBB,8,7392,479
2825,0,44,WHARTON,9,3150,481
2826,0,44,WHEELER,9,312,483
2827,0,44,WICHITA,8,3681,485
2828,0,44,WILBARGER,9,106,487
2829,0,44,WILLACY,9,713,489
2830,0,44,WILLIAMSON,7,37932,491
2831,0,44,WILSON,7,4986,493
2832,0,44,WINKLER,9,745,495
2833,0,44,WISE,9,19093,497
2834,0,44,WOOD,9,1721,499
2835,0,44,YOAKUM,9,509,501
2836,0,44,YOUNG,9,239,503
2837,0,44,ZAPATA,9,1722,505
2838,0,44,ZAVALA,9,381,507
2839,0,45,VIP,0,0,0
2840,0,45,BEAVER,9,433,1
2841,0,45,BOX ELDER,9,1823,3
2842,0,45,CACHE,8,3476,5
2843,0,45,CARBON,9,815,7
2844,0,45,DAGGETT,9,145,9
2845,0,45,DAVIS,7,10611,11
2846,0,45,DUCHESNE,9,798,13
2847,0,45,EMERY,9,470,15
2848,0,45,GARFIELD,9,367,17
2849,0,45,GRAND,9,105,19
2850,0,45,IRON,9,1373,21
2851,0,45,JUAB,9,1027,23
2852,0,45,KANE,8,738,25
2853,0,45,MILLARD,9,549,27
2854,0,45,MORGAN,9,859,29
2855,0,45,PIUTE,9,111,31
2856,0,45,RICH,9,302,33
2857,0,45,SALT LAKE,7,36611,35
2858,0,45,SAN JUAN,9,1204,37
2859,0,45,SANPETE,9,959,39
2860,0,45,SEVIER,9,997,41
2861,0,45,SUMMIT,9,2798,43
2862,0,45,TOOELE,9,2669,45
2863,0,45,UINTAH,9,2408,47
2864,0,45,UTAH,8,15907,49
2865,0,45,WASATCH,9,1877,51
2866,0,45,WASHINGTON,8,9291,53
2867,0,45,WAYNE,9,217,55
2868,0,45,WEBER,7,8739,57
2869,0,47,VIP,0,0,0
2870,0,47,ADDISON,9,1087,1
2871,0,47,BENNINGTON,9,1487,3
2872,0,47,CALEDONIA,9,770,5
2873,0,47,CHITTENDEN,8,2011,7
2874,0,47,ESSEX,9,359,9
2875,0,47,FRANKLIN,8,1847,11
2876,0,47,GRAND ISLE,8,360,13
2877,0,47,LAMOILLE,9,899,15
2878,0,47,ORANGE,9,1134,17
2879,0,47,ORLEANS,9,1587,19
2880,0,47,RUTLAND,8,1472,21
2881,0,47,WASHINGTON,9,1123,23
2882,0,47,WINDHAM,9,1764,25
2883,0,47,WINDSOR,9,1356,27
2884,0,46,VIP,0,1,0
2885,0,46,ACCOMACK,9,2242,1
2886,0,46,ALBEMARLE,8,2028,3
2887,0,46,ALLEGHANY,9,757,5
2888,0,46,AMELIA,9,121,7
2889,0,46,AMHERST,8,1488,9
2890,0,46,APPOMATTOX,9,891,11
2891,0,46,ARLINGTON,6,2815,13
2892,0,46,AUGUSTA,8,2161,15
2893,0,46,BATH,9,127,17
2894,0,46,BEDFORD,8,4243,19
2895,0,46,BLAND,9,298,21
2896,0,46,BOTETOURT,8,1255,23
2897,0,46,BRUNSWICK,9,1694,25
2898,0,46,BUCHANAN,9,1151,27
2899,0,46,BUCKINGHAM,9,1191,29
2900,0,46,CAMPBELL,8,1941,31
2901,0,46,CAROLINE,9,1186,33
2902,0,46,CARROLL,9,748,35
2903,0,46,CHARLES CITY,7,452,36
2904,0,46,CHARLOTTE,9,1097,37
2905,0,46,CHESTERFIELD,7,5790,41
2906,0,46,CLARKE,6,858,43
2907,0,46,CRAIG,9,290,45
2908,0,46,CULPEPER,6,1225,47
2909,0,46,CUMBERLAND,9,831,49
2910,0,46,DICKENSON,9,683,51
2911,0,46,DINWIDDIE,7,2806,53
2912,0,46,ESSEX,9,450,57
2913,0,46,FAIRFAX,6,13008,59
2914,0,46,FAUQUIER,6,3885,61
2915,0,46,FLOYD,9,247,63
2916,0,46,FLUVANNA,8,1717,65
2917,0,46,FRANKLIN,9,3111,67
2918,0,46,FREDERICK,8,3166,69
2919,0,46,GILES,9,595,71
2920,0,46,GLOUCESTER,7,1381,73
2921,0,46,GOOCHLAND,7,1810,75
2922,0,46,GRAYSON,9,1231,77
2923,0,46,GREENE,8,862,79
2924,0,46,GREENSVILLE,9,374,81
2925,0,46,HALIFAX,9,1830,83
2926,0,46,HANOVER,7,2206,85
2927,0,46,HENRICO,7,3826,87
2928,0,46,HENRY,8,1933,89
2929,0,46,HIGHLAND,9,68,91
2930,0,46,ISLE OF WIGHT,7,647,93
2931,0,46,JAMES CITY,7,263,95
2932,0,46,KING AND QUEEN,9,1073,97
2933,0,46,KING GEORGE,6,1428,99
2934,0,46,KING WILLIAM,9,1076,101
2935,0,46,LANCASTER,9,621,103
2936,0,46,LEE,9,1103,105
2937,0,46,LOUDOUN,6,6705,107
2938,0,46,LOUISA,9,1203,109
2939,0,46,LUNENBURG,9,1520,111
2940,0,46,MADISON,9,674,113
2941,0,46,MATHEWS,7,636,115
2942,0,46,MECKLENBURG,9,944,117
2943,0,46,MIDDLESEX,9,1104,119
2944,0,46,MONTGOMERY,8,3260,121
2945,0,46,NELSON,9,760,125
2946,0,46,NEW KENT,7,2105,127
2947,0,46,NORTHAMPTON,9,814,131
2948,0,46,NORTHUMBERLAND,9,1220,133
2949,0,46,NOTTOWAY,9,1060,135
2950,0,46,ORANGE,9,2336,137
2951,0,46,PAGE,9,401,139
2952,0,46,PATRICK,9,1594,141
2953,0,46,PITTSYLVANIA,8,2585,143
2954,0,46,POWHATAN,7,1719,145
2955,0,46,PRINCE EDWARD,9,1647,147
2956,0,46,PRINCE GEORGE,7,467,149
2957,0,46,PRINCE WILLIAM,6,8461,153
2958,0,46,PULASKI,9,1833,155
2959,0,46,RAPPAHANNOCK,9,339,157
2960,0,46,RICHMOND,9,792,159
2961,0,46,ROANOKE,8,2569,161
2962,0,46,ROCKBRIDGE,9,1074,163
2963,0,46,ROCKINGHAM,8,2776,165
2964,0,46,RUSSELL,9,1671,167
2965,0,46,SCOTT,7,875,169
2966,0,46,SHENANDOAH,9,2150,171
2967,0,46,SMYTH,9,1646,173
2968,0,46,SOUTHAMPTON,9,661,175
2969,0,46,SPOTSYLVANIA,6,2831,177
2970,0,46,STAFFORD,6,1234,179
2971,0,46,SURRY,9,1086,181
2972,0,46,SUSSEX,9,378,183
2973,0,46,TAZEWELL,9,1260,185
2974,0,46,WARREN,6,1066,187
2975,0,46,WASHINGTON,7,1863,191
2976,0,46,WESTMORELAND,9,1027,193
2977,0,46,WISE,9,1220,195
2978,0,46,WYTHE,9,1497,197
2979,0,46,YORK,7,1935,199
2980,0,46,ALEXANDRIA CITY,0,3700,510
2981,0,46,BEDFORD CITY,8,1610,515
2982,0,46,BRISTOL,5,21,520
2983,0,46,BUENA VISTA CITY,0,0,530
2984,0,46,CHARLOTTESVILLE CITY,0,356,540
2985,0,46,CHESAPEAKE CITY,7,3061,550
2986,0,46,CLIFTON FORGE CITY,0,20,560
2987,0,46,COLONIAL HEIGHTS CITY,0,0,570
2988,0,46,COVINGTON CITY,0,0,580
2989,0,46,DANVILLE CITY,0,1971,590
2990,0,46,EMPORIA CITY,9,0,595
2991,0,46,FAIRFAX CITY,0,1164,600
2992,0,46,FALLS CHURCH CITY,0,532,610
2993,0,46,FRANKLIN CITY,0,437,620
2994,0,46,FREDERICKSBURG CITY,0,2314,630
2995,0,46,GALAX CITY,0,0,640
2996,0,46,HAMPTON CITY,7,1879,650
2997,0,46,HARRISONBURG CITY,0,776,660
2998,0,46,HOPEWELL CITY,0,1130,670
2999,0,46,LEXINGTON CITY,0,545,678
3000,0,46,LYNCHBURG CITY,0,1406,680
3001,0,46,MANASSAS CITY,0,2086,683
3002,0,46,MANASSAS PARK CITY,0,0,685
3003,0,46,MARTINSVILLE CITY,0,0,690
3004,0,46,NEWPORT NEWS CITY,7,3637,700
3005,0,46,NORFOLK CITY,7,6060,710
3006,0,46,NORTON CITY,0,187,720
3007,0,46,PETERSBURG CITY,0,2250,730
3008,0,46,POQUOSON CITY,0,0,735
3009,0,46,PORTSMOUTH CITY,7,2216,740
3010,0,46,RADFORD,0,160,750
3011,0,46,RICHMOND CITY,7,4719,760
3012,0,46,ROANOKE CITY,0,4031,770
3013,0,46,SALEM,0,99,775
3014,0,46,SOUTH BOSTON CITY,0,0,780
3015,0,46,STAUNTON CITY,0,884,790
3016,0,46,SUFFOLK CITY,7,3421,800
3017,0,46,VIRGINIA BEACH CITY,7,9476,810
3018,0,46,WAYNESBORO CITY,0,762,820
3019,0,46,WILLIAMSBURG CITY,0,1,830
3020,0,46,WINCHESTER CITY,0,1582,840
3021,0,48,VIP,0,13,0
1967,0,28,CUMBERLAND,8,6782,51
1968,0,28,CURRITUCK,7,2092,53
1969,0,28,DARE,9,2924,55
1970,0,28,DAVIDSON,7,4042,57
1971,0,28,DAVIE,7,2754,59
1972,0,28,DUPLIN,9,2088,61
1973,0,28,DURHAM,7,21840,63
1974,0,28,EDGECOMBE,8,3043,65
1975,0,28,FORSYTH,7,13563,67
1976,0,28,FRANKLIN,7,3368,69
1977,0,28,GASTON,7,14025,71
1978,0,28,GATES,9,571,73
1979,0,28,GRAHAM,9,14,75
1980,0,28,GRANVILLE,9,4368,77
1981,0,28,GREENE,9,1700,79
1982,0,28,GUILFORD,7,21654,81
1983,0,28,HALIFAX,9,2495,83
1984,0,28,HARNETT,8,8750,85
1985,0,28,HAYWOOD,9,3276,87
1986,0,28,HENDERSON,8,6428,89
1987,0,28,HERTFORD,9,742,91
1988,0,28,HOKE,9,5753,93
1989,0,28,HYDE,9,516,95
1990,0,28,IREDELL,8,5301,97
1991,0,28,JACKSON,9,3340,99
1992,0,28,JOHNSTON,7,7338,101
1993,0,28,JONES,9,2614,103
1994,0,28,LEE,9,22,105
1995,0,28,LENOIR,9,2007,107
1996,0,28,LINCOLN,7,3398,109
1997,0,28,MCDOWELL,9,1677,111
1998,0,28,MACON,9,4000,113
1999,0,28,MADISON,8,1776,115
2000,0,28,MARTIN,9,1663,117
2001,0,28,MECKLENBURG,7,42432,119
2002,0,28,MITCHELL,9,847,121
2003,0,28,MONTGOMERY,9,845,123
2004,0,28,MOORE,8,4575,125
2005,0,28,NASH,8,3089,127
2006,0,28,NEW HANOVER,8,8068,129
2007,0,28,NORTHAMPTON,9,1157,131
2008,0,28,ONSLOW,8,5480,133
2009,0,28,ORANGE,7,8565,135
2010,0,28,PAMLICO,9,1628,137
2011,0,28,PASQUOTANK,9,74,139
2012,0,28,PENDER,9,3160,141
2013,0,28,PERQUIMANS,9,1455,143
2014,0,28,PERSON,9,1733,145
2015,0,28,PITT,8,5186,147
2016,0,28,POLK,9,2829,149
2017,0,28,RANDOLPH,7,8214,151
2018,0,28,RICHMOND,9,1728,153
2019,0,28,ROBESON,8,2423,155
2020,0,28,ROCKINGHAM,8,4270,157
2021,0,28,ROWAN,7,8682,159
2022,0,28,RUTHERFORD,8,5774,161
2023,0,28,SAMPSON,9,2677,163
2024,0,28,SCOTLAND,9,1698,165
2025,0,28,STANLY,9,2084,167
2026,0,28,STOKES,7,1950,169
2027,0,28,SURRY,8,2173,171
2028,0,28,SWAIN,9,727,173
2029,0,28,TRANSYLVANIA,9,1270,175
2030,0,28,TYRRELL,9,299,177
2031,0,28,UNION,7,10079,179
2032,0,28,VANCE,9,790,181
2033,0,28,WAKE,7,15671,183
2034,0,28,WARREN,9,1656,185
2035,0,28,WASHINGTON,9,292,187
2036,0,28,WATAUGA,9,1063,189
2037,0,28,WAYNE,8,4127,191
2038,0,28,WILKES,8,1927,193
2039,0,28,WILSON,8,2136,195
2040,0,28,YADKIN,7,2170,197
2041,0,28,YANCEY,9,98,199
2042,0,29,VIP,0,16,0
2043,0,29,ADAMS,9,38,1
2044,0,29,BARNES,9,236,3
2045,0,29,BENSON,9,615,5
2046,0,29,BILLINGS,9,8,7
2047,0,29,BOTTINEAU,9,171,9
2048,0,29,BOWMAN,9,18,11
2049,0,29,BURKE,9,62,13
2050,0,29,BURLEIGH,8,1433,15
2051,0,29,CASS,8,4698,17
2052,0,29,CAVALIER,9,174,19
2053,0,29,DICKEY,9,209,21
2054,0,29,DIVIDE,9,133,23
2055,0,29,DUNN,9,210,25
2056,0,29,EDDY,9,60,27
2057,0,29,EMMONS,9,736,29
2058,0,29,FOSTER,9,15,31
2059,0,29,GOLDEN VALLEY,9,48,33
2060,0,29,GRAND FORKS,8,1214,35
2061,0,29,GRANT,9,149,37
2062,0,29,GRIGGS,9,29,39
2063,0,29,HETTINGER,9,49,41
2064,0,29,KIDDER,9,103,43
2065,0,29,LAMOURE,9,69,45
2066,0,29,LOGAN,9,52,47
2067,0,29,MCHENRY,9,185,49
2068,0,29,MCINTOSH,9,41,51
2069,0,29,MCKENZIE,9,1052,53
2070,0,29,MCLEAN,9,484,55
2071,0,29,MERCER,9,217,57
2072,0,29,MORTON,8,822,59
2073,0,29,MOUNTRAIL,9,307,61
2074,0,29,NELSON,9,60,63
2075,0,29,OLIVER,9,158,65
2076,0,29,PEMBINA,9,136,67
2077,0,29,PIERCE,9,32,69
2078,0,29,RAMSEY,9,108,71
2079,0,29,RANSOM,9,157,73
2080,0,29,RENVILLE,9,49,75
2081,0,29,RICHLAND,9,489,77
2082,0,29,ROLETTE,9,383,79
2083,0,29,SARGENT,9,119,81
2084,0,29,SHERIDAN,9,79,83
2085,0,29,SIOUX,9,132,85
2086,0,29,SLOPE,9,77,87
2087,0,29,STARK,9,927,89
2088,0,29,STEELE,9,87,91
2089,0,29,STUTSMAN,9,507,93
2090,0,29,TOWNER,9,57,95
2091,0,29,TRAILL,9,167,97
2092,0,29,WALSH,9,278,99
2093,0,29,WARD,9,2026,101
2094,0,29,WELLS,9,58,103
2095,0,29,WILLIAMS,9,1700,105
2096,0,36,VIP,0,16,0
2097,0,36,ADAMS,9,2161,1
2098,0,36,ALLEN,8,2064,3
2099,0,36,ASHLAND,9,2368,5
2100,0,36,ASHTABULA,6,3082,7
2101,0,36,ATHENS,9,806,9
2102,0,36,AUGLAIZE,8,413,11
2103,0,36,BELMONT,8,3085,13
2104,0,36,BROWN,7,3093,15
2105,0,36,BUTLER,7,10590,17
2106,0,36,CARROLL,7,1584,19
2107,0,36,CHAMPAIGN,9,3376,21
2108,0,36,CLARK,7,9275,23
2109,0,36,CLERMONT,7,3696,25
2110,0,36,CLINTON,9,2927,27
2111,0,36,COLUMBIANA,7,4238,29
2112,0,36,COSHOCTON,9,1974,31
2113,0,36,CRAWFORD,8,618,33
2114,0,36,CUYAHOGA,6,49120,35
2115,0,36,DARKE,9,1978,37
2116,0,36,DEFIANCE,9,142,39
2117,0,36,DELAWARE,7,9136,41
2118,0,36,ERIE,8,4320,43
2119,0,36,FAIRFIELD,7,8061,45
2120,0,36,FAYETTE,9,482,47
2121,0,36,FRANKLIN,7,34965,49
2122,0,36,FULTON,7,219,51
2123,0,36,GALLIA,9,1651,53
2124,0,36,GEAUGA,6,7721,55
2125,0,36,GREENE,7,14026,57
2126,0,36,GUERNSEY,9,1813,59
2127,0,36,HAMILTON,7,22136,61
2128,0,36,HANCOCK,8,4202,63
2129,0,36,HARDIN,9,734,65
2130,0,36,HARRISON,9,885,67
2131,0,36,HENRY,9,1654,69
2132,0,36,HIGHLAND,9,292,71
2133,0,36,HOCKING,9,3902,73
2134,0,36,HOLMES,9,524,75
2135,0,36,HURON,9,870,77
2136,0,36,JACKSON,9,1042,79
2137,0,36,JEFFERSON,8,3343,81
2138,0,36,KNOX,9,707,83
2139,0,36,LAKE,6,4577,85
2140,0,36,LAWRENCE,8,1848,87
2141,0,36,LICKING,7,9721,89
2142,0,36,LOGAN,9,1913,91
2143,0,36,LORAIN,6,12017,93
2144,0,36,LUCAS,7,19213,95
2145,0,36,MADISON,7,764,97
2146,0,36,MAHONING,7,9975,99
2147,0,36,MARION,8,657,101
2148,0,36,MEDINA,6,5030,103
2149,0,36,MEIGS,9,1343,105
2150,0,36,MERCER,9,874,107
2151,0,36,MIAMI,7,2665,109
2152,0,36,MONROE,9,1014,111
2153,0,36,MONTGOMERY,7,16354,113
2154,0,36,MORGAN,9,775,115
2155,0,36,MORROW,9,3830,117
2156,0,36,MUSKINGUM,8,2973,119
2157,0,36,NOBLE,9,752,121
2158,0,36,OTTAWA,9,2587,123
2159,0,36,PAULDING,9,1115,125
2160,0,36,PERRY,9,2142,127
2161,0,36,PICKAWAY,7,3767,129
2162,0,36,PIKE,9,2676,131
2163,0,36,PORTAGE,6,8650,133
2164,0,36,PREBLE,9,1196,135
2165,0,36,PUTNAM,9,543,137
2166,0,36,RICHLAND,8,3270,139
2167,0,36,ROSS,8,2594,141
2168,0,36,SANDUSKY,9,1207,143
2169,0,36,SCIOTO,8,3745,145
2170,0,36,SENECA,9,1577,147
2171,0,36,SHELBY,9,1489,149
2172,0,36,STARK,7,13119,151
2173,0,36,SUMMIT,6,17934,153
2174,0,36,TRUMBULL,7,7393,155
2175,0,36,TUSCARAWAS,8,2707,157
2176,0,36,UNION,9,4443,159
2177,0,36,VAN WERT,9,832,161
2178,0,36,VINTON,9,2002,163
2179,0,36,WARREN,7,6199,165
2180,0,36,WASHINGTON,8,2094,167
2181,0,36,WAYNE,8,1796,169
2182,0,36,WILLIAMS,9,2082,171
2183,0,36,WOOD,7,3929,173
2184,0,36,WYANDOT,9,857,175
2185,0,37,VIP,0,8,0
2186,0,37,ADAIR,9,636,1
2187,0,37,ALFALFA,9,482,3
2188,0,37,ATOKA,9,325,5
2189,0,37,BEAVER,9,259,7
2190,0,37,BECKHAM,9,262,9
2191,0,37,BLAINE,9,620,11
2192,0,37,BRYAN,9,2813,13
2193,0,37,CADDO,9,2240,15
2194,0,37,CANADIAN,7,19425,17
2195,0,37,CARTER,9,969,19
2196,0,37,CHEROKEE,9,3418,21
2197,0,37,CHOCTAW,9,1433,23
2198,0,37,CIMARRON,9,118,25
2199,0,37,CLEVELAND,7,10842,27
2200,0,37,COAL,9,714,29
2201,0,37,COMANCHE,8,6900,31
2202,0,37,COTTON,9,144,33
2203,0,37,CRAIG,9,922,35
2204,0,37,CREEK,7,3163,37
2205,0,37,CUSTER,9,1225,39
2206,0,37,DELAWARE,9,1610,41
2207,0,37,DEWEY,9,571,43
2208,0,37,ELLIS,9,278,45
2209,0,37,GARFIELD,9,3629,47
2210,0,37,GARVIN,9,1772,49
2211,0,37,GRADY,9,3846,51
2212,0,37,GRANT,9,272,53
2213,0,37,GREER,9,487,55
2214,0,37,HARMON,9,145,57
2215,0,37,HARPER,9,266,59
2216,0,37,HASKELL,9,530,61
2217,0,37,HUGHES,9,1737,63
2218,0,37,JACKSON,9,1452,65
2219,0,37,JEFFERSON,9,337,67
2220,0,37,JOHNSTON,9,1409,69
2221,0,37,KAY,9,1441,71
2222,0,37,KINGFISHER,9,897,73
2223,0,37,KIOWA,9,547,75
2224,0,37,LATIMER,9,918,77
2225,0,37,LE FLORE,9,2835,79
2226,0,37,LINCOLN,9,2941,81
2227,0,37,LOGAN,7,18483,83
2228,0,37,LOVE,9,909,85
2229,0,37,MCCLAIN,7,5826,87
2230,0,37,MCCURTAIN,9,2027,89
2231,0,37,MCINTOSH,9,1652,91
2232,0,37,MAJOR,9,561,93
2233,0,37,MARSHALL,9,3994,95
2234,0,37,MAYES,9,2281,97
2235,0,37,MURRAY,9,1067,99
2236,0,37,MUSKOGEE,8,2750,101
2237,0,37,NOBLE,9,2412,103
2238,0,37,NOWATA,9,715,105
2239,0,37,OKFUSKEE,9,2241,107
2240,0,37,OKLAHOMA,7,13001,109
2241,0,37,OKMULGEE,9,626,111
2242,0,37,OSAGE,7,13742,113
2243,0,37,OTTAWA,9,3228,115
2244,0,37,PAWNEE,9,1338,117
2245,0,37,PAYNE,8,3028,119
2246,0,37,PITTSBURG,9,4104,121
2247,0,37,PONTOTOC,9,2243,123
2248,0,37,POTTAWATOMIE,7,9517,125
2249,0,37,PUSHMATAHA,9,835,127
2250,0,37,ROGER MILLS,9,2058,129
2251,0,37,ROGERS,7,7863,131
2252,0,37,SEMINOLE,9,1093,133
2253,0,37,SEQUOYAH,8,1952,135
2254,0,37,STEPHENS,9,2428,137
2255,0,37,TEXAS,9,577,139
2256,0,37,TILLMAN,9,329,141
2257,0,37,TULSA,7,15366,143
2258,0,37,WAGONER,7,11553,145
2259,0,37,WASHINGTON,9,2091,147
2260,0,37,WASHITA,9,2208,149
2261,0,37,WOODS,9,525,151
2262,0,37,WOODWARD,9,1612,153
2263,0,38,VIP,0,10,0
2264,0,38,BAKER,9,353,1
2265,0,38,BENTON,8,559,3
2266,0,38,CLACKAMAS,7,11789,5
2267,0,38,CLATSOP,9,1397,7
2268,0,38,COLUMBIA,7,1799,9
2269,0,38,COOS,8,1227,11
2270,0,38,CROOK,9,2453,13
2271,0,38,CURRY,9,765,15
2272,0,38,DESCHUTES,8,5008,17
2273,0,38,DOUGLAS,8,3543,19
2274,0,38,GILLIAM,9,162,21
2275,0,38,GRANT,9,359,23
2276,0,38,HARNEY,9,488,25
2277,0,38,HOOD RIVER,9,663,27
2278,0,38,JACKSON,8,8470,29
2279,0,38,JEFFERSON,9,806,31
2280,0,38,JOSEPHINE,8,643,33
2281,0,38,KLAMATH,8,2234,35
2282,0,38,LAKE,9,399,37
2283,0,38,LANE,8,6552,39
2284,0,38,LINCOLN,9,1495,41
2285,0,38,LINN,8,3958,43
2286,0,38,MALHEUR,9,1175,45
2287,0,38,MARION,7,5813,47
2288,0,38,MORROW,9,1395,49
2289,0,38,MULTNOMAH,7,6348,51
2290,0,38,POLK,7,3217,53
2291,0,38,SHERMAN,9,96,55
2292,0,38,TILLAMOOK,9,976,57
2293,0,38,UMATILLA,8,1566,59
2294,0,38,UNION,9,1339,61
2295,0,38,WALLOWA,9,271,63
2296,0,38,WASCO,9,764,65
2297,0,38,WASHINGTON,7,7707,67
2298,0,38,WHEELER,9,36,69
2299,0,38,YAMHILL,7,3413,71
2300,0,39,VIP,0,1,0
2301,0,39,ADAMS,8,3259,1
2302,0,39,ALLEGHENY,7,19050,3
2303,0,39,ARMSTRONG,8,1761,5
2304,0,39,BEAVER,7,5241,7
2305,0,39,BEDFORD,9,2073,9
2306,0,39,BERKS,7,10589,11
2307,0,39,BLAIR,8,4347,13
2308,0,39,BRADFORD,9,2133,15
2309,0,39,BUCKS,6,6966,17
2310,0,39,BUTLER,7,3496,19
2311,0,39,CAMBRIA,8,3708,21
2312,0,39,CAMERON,9,46,23
2313,0,39,CARBON,7,3823,25
2314,0,39,CENTRE,8,2832,27
2315,0,39,CHESTER,6,4077,29
2316,0,39,CLARION,9,1339,31
2317,0,39,CLEARFIELD,8,1956,33
2318,0,39,CLINTON,9,600,35
2319,0,39,COLUMBIA,7,1808,37
2320,0,39,CRAWFORD,8,2775,39
2321,0,39,CUMBERLAND,7,6295,41
2322,0,39,DAUPHIN,7,4466,43
2323,0,39,DELAWARE,6,4524,45
2324,0,39,ELK,9,777,47
2325,0,39,ERIE,8,7267,49
2326,0,39,FAYETTE,7,4979,51
2327,0,39,FOREST,9,411,53
2328,0,39,FRANKLIN,8,3933,55
2329,0,39,FULTON,9,935,57
2330,0,39,GREENE,9,949,59
2331,0,39,HUNTINGDON,9,1687,61
2332,0,39,INDIANA,8,4138,63
2333,0,39,JEFFERSON,9,1626,65
2334,0,39,JUNIATA,9,2353,67
2335,0,39,LACKAWANNA,7,6499,69
2336,0,39,LANCASTER,7,11929,71
2337,0,39,LAWRENCE,8,2459,73
2338,0,39,LEBANON,7,2629,75
2339,0,39,LEHIGH,7,9692,77
2340,0,39,LUZERNE,7,11307,79
2341,0,39,LYCOMING,8,2675,81
2342,0,39,MCKEAN,9,1927,83
2343,0,39,MERCER,8,2423,85
2344,0,39,MIFFLIN,9,1173,87
2345,0,39,MONROE,8,5073,89
2346,0,39,MONTGOMERY,6,7005,91
2347,0,39,MONTOUR,9,218,93
2348,0,39,NORTHAMPTON,7,6235,95
2349,0,39,NORTHUMBERLAND,8,2460,97
2350,0,39,PERRY,7,1950,99
2351,0,39,PHILADELPHIA,6,19966,101
2352,0,39,PIKE,6,1286,103
2353,0,39,POTTER,9,1232,105
2354,0,39,SCHUYLKILL,8,4254,107
2355,0,39,SNYDER,9,1034,109
2356,0,39,SOMERSET,8,2476,111
2357,0,39,SULLIVAN,9,1146,113
2358,0,39,SUSQUEHANNA,9,1362,115
2359,0,39,TIOGA,9,1188,117
2360,0,39,UNION,9,1709,119
2361,0,39,VENANGO,9,1931,121
2362,0,39,WARREN,9,1628,123
2363,0,39,WASHINGTON,7,6587,125
2364,0,39,WAYNE,9,3044,127
2365,0,39,WESTMORELAND,7,8122,129
2366,0,39,WYOMING,7,1547,131
2367,0,39,YORK,7,12310,133
2368,0,40,VIP,0,0,0
2369,0,40,BRISTOL,7,904,1
2370,0,40,KENT,7,937,3
2371,0,40,NEWPORT,8,1860,5
2372,0,40,PROVIDENCE,7,5940,7
2373,0,40,WASHINGTON,7,1467,9
2374,0,41,VIP,0,6,0
2375,0,41,ABBEVILLE,9,3875,1
2376,0,41,AIKEN,7,6083,3
2377,0,41,ALLENDALE,9,387,5
2378,0,41,ANDERSON,7,5904,7
2379,0,41,BAMBERG,9,1515,9
2380,0,41,BARNWELL,9,1206,11
2381,0,41,BEAUFORT,8,9475,13
2382,0,41,BERKELEY,7,10015,15
2383,0,41,CALHOUN,9,2193,17
2384,0,41,CHARLESTON,7,19156,19
2385,0,41,CHEROKEE,7,4066,21
2386,0,41,CHESTER,9,2684,23
2387,0,41,CHESTERFIELD,9,2537,25
2388,0,41,CLARENDON,9,587,27
2389,0,41,COLLETON,9,1227,29
2390,0,41,DARLINGTON,8,2762,31
2391,0,41,DILLON,9,877,33
2392,0,41,DORCHESTER,7,6958,35
2393,0,41,EDGEFIELD,7,2994,37
2394,0,41,FAIRFIELD,9,1195,39
2395,0,41,FLORENCE,8,3511,41
2396,0,41,GEORGETOWN,9,836,43
2397,0,41,GREENVILLE,7,17658,45
2398,0,41,GREENWOOD,8,178,47
2399,0,41,HAMPTON,9,1408,49
2400,0,41,HORRY,8,8988,51
2401,0,41,JASPER,9,543,53
2402,0,41,KERSHAW,9,4838,55
2403,0,41,LANCASTER,9,5117,57
2404,0,41,LAURENS,8,5776,59
2405,0,41,LEE,9,556,61
2406,0,41,LEXINGTON,7,10022,63
2407,0,41,MCCORMICK,9,231,65
2408,0,41,MARION,9,1743,67
2409,0,41,MARLBORO,9,1833,69
2410,0,41,NEWBERRY,9,3681,71
2411,0,41,OCONEE,8,6012,73
2412,0,41,ORANGEBURG,8,5230,75
2413,0,41,PICKENS,7,8362,77
2414,0,41,RICHLAND,7,19779,79
2415,0,41,SALUDA,9,2536,81
2416,0,41,SPARTANBURG,7,17385,83
2417,0,41,SUMTER,8,3283,85
2418,0,41,UNION,9,2481,87
2419,0,41,WILLIAMSBURG,9,1465,89
2420,0,41,YORK,7,8986,91
2421,0,42,VIP,0,0,0
2422,0,42,AURORA,9,157,3
2423,0,42,BEADLE,9,591,5
2424,0,42,BENNETT,9,140,7
2425,0,42,BON HOMME,9,171,9
2426,0,42,BROOKINGS,9,776,11
2427,0,42,BROWN,9,1123,13
2428,0,42,BRULE,9,116,15
2429,0,42,BUFFALO,9,109,17
2430,0,42,BUTTE,9,843,19
2431,0,42,CAMPBELL,9,65,21
2432,0,42,CHARLES MIX,9,386,23
2433,0,42,CLARK,9,303,25
2434,0,42,CLAY,9,857,27
2435,0,42,CODINGTON,9,79,29
2436,0,42,CORSON,9,107,31
2437,0,42,CUSTER,9,535,33
2438,0,42,DAVISON,9,390,35
2439,0,42,DAY,9,140,37
2440,0,42,DEUEL,9,234,39
2441,0,42,DEWEY,9,229,41
2442,0,42,DOUGLAS,9,134,43
2443,0,42,EDMUNDS,9,60,45
2444,0,42,FALL RIVER,9,356,47
2445,0,42,FAULK,9,86,49
2446,0,42,GRANT,9,233,51
2447,0,42,GREGORY,9,153,53
2448,0,42,HAAKON,9,7,55
2449,0,42,HAMLIN,9,1079,57
2450,0,42,HAND,9,39,59
2451,0,42,HANSON,9,18,61
2452,0,42,HARDING,9,100,63
2453,0,42,HUGHES,9,26,65
2454,0,42,HUTCHINSON,9,130,67
2455,0,42,HYDE,9,20,69
2456,0,42,JACKSON,9,220,71
2457,0,42,JERAULD,9,36,73
2458,0,42,JONES,9,93,75
2459,0,42,KINGSBURY,9,226,77
2460,0,42,LAKE,9,418,79
2461,0,42,LAWRENCE,9,1560,81
2462,0,42,LINCOLN,8,3296,83
2463,0,42,LYMAN,9,266,85
2464,0,42,MCCOOK,9,195,87
2465,0,42,MCPHERSON,9,29,89
2466,0,42,MARSHALL,9,180,91
2467,0,42,MEADE,9,2074,93
2468,0,42,MELLETTE,9,31,95
2469,0,42,MINER,9,55,97
2470,0,42,MINNEHAHA,8,3211,99
2471,0,42,MOODY,9,158,101
2472,0,42,PENNINGTON,8,1914,103
2473,0,42,PERKINS,9,71,105
2474,0,42,POTTER,9,14,107
2475,0,42,ROBERTS,9,168,109
2476,0,42,SANBORN,9,2,111
2477,0,42,OGLALA LAKOTA,9,365,113
2478,0,42,SPINK,9,170,115
2479,0,42,STANLEY,9,73,117
2480,0,42,SULLY,9,596,119
2481,0,42,TODD,9,219,121
2482,0,42,TRIPP,9,177,123
2483,0,42,TURNER,9,571,125
2484,0,42,UNION,9,591,127
2485,0,42,WALWORTH,9,47,129
2486,0,42,YANKTON,9,177,135
2487,0,42,ZIEBACH,9,79,137
2488,0,43,VIP,0,70,0
2489,0,43,ANDERSON,7,2507,1
2490,0,43,BEDFORD,9,1908,3
2491,0,43,BENTON,9,709,5
2492,0,43,BLEDSOE,9,810,7
2493,0,43,BLOUNT,7,7819,9
2494,0,43,BRADLEY,8,2409,11
2495,0,43,CAMPBELL,9,2181,13
2496,0,43,CANNON,9,575,15
2497,0,43,CARROLL,9,2063,17
2498,0,43,CARTER,7,1942,19
2499,0,43,CHEATHAM,7,6057,21
2500,0,43,CHESTER,8,907,23
2501,0,43,CLAIBORNE,9,743,25
2502,0,43,CLAY,9,304,27
2503,0,43,COCKE,9,2929,29
2504,0,43,COFFEE,9,900,31
2505,0,43,CROCKETT,9,444,33
2506,0,43,CUMBERLAND,9,2080,35
2507,0,43,DAVIDSON,7,24257,37
2508,0,43,DECATUR,9,792,39
2509,0,43,DEKALB,9,1270,41
2510,0,43,DICKSON,7,2625,43
2511,0,43,DYER,9,2451,45
2512,0,43,FAYETTE,7,4602,47
2513,0,43,FENTRESS,9,673,49
2514,0,43,FRANKLIN,9,907,51
2515,0,43,GIBSON,9,2195,53
2516,0,43,GILES,9,1234,55
2517,0,43,GRAINGER,9,1081,57
2518,0,43,GREENE,8,695,59
2519,0,43,GRUNDY,9,835,61
2520,0,43,HAMBLEN,9,1330,63
2521,0,43,HAMILTON,7,5697,65
2522,0,43,HANCOCK,9,581,67
2523,0,43,HARDEMAN,9,1461,69
2524,0,43,HARDIN,9,1466,71
2525,0,43,HAWKINS,7,2782,73
2526,0,43,HAYWOOD,9,2025,75
2527,0,43,HENDERSON,9,627,77
2528,0,43,HENRY,9,542,79
2529,0,43,HICKMAN,9,2047,81
2530,0,43,HOUSTON,9,452,83
2531,0,43,HUMPHREYS,9,711,85
2532,0,43,JACKSON,9,478,87
2533,0,43,JEFFERSON,9,4475,89
2534,0,43,JOHNSON,9,762,91
2535,0,43,KNOX,7,13663,93
2536,0,43,LAKE,9,141,95
2537,0,43,LAUDERDALE,9,186,97
2538,0,43,LAWRENCE,9,2773,99
2539,0,43,LEWIS,9,304,101
2540,0,43,LINCOLN,9,1662,103
2541,0,43,LOUDON,7,1181,105
2542,0,43,MCMINN,9,1328,107
2543,0,43,MCNAIRY,9,1897,109
2544,0,43,MACON,9,710,111
2545,0,43,MADISON,8,2720,113
2546,0,43,MARION,7,898,115
2547,0,43,MARSHALL,9,549,117
2548,0,43,MAURY,8,8427,119
2549,0,43,MEIGS,9,2449,121
2550,0,43,MONROE,9,904,123
2551,0,43,MONTGOMERY,8,8773,125
2552,0,43,MOORE,9,1290,127
2553,0,43,MORGAN,9,1839,129
2554,0,43,OBION,9,858,131
2555,0,43,OVERTON,9,501,133
2556,0,43,PERRY,9,953,135
2557,0,43,PICKETT,9,196,137
2558,0,43,POLK,9,2201,139
2559,0,43,PUTNAM,8,1137,141
2560,0,43,RHEA,9,839,143
2561,0,43,ROANE,9,2796,145
2562,0,43,ROBERTSON,7,2622,147
2563,0,43,RUTHERFORD,7,15202,149
2564,0,43,SCOTT,9,804,151
2565,0,43,SEQUATCHIE,9,1200,153
2566,0,43,SEVIER,7,3753,155
2567,0,43,SHELBY,7,45462,157
2568,0,43,SMITH,9,2609,159
2569,0,43,STEWART,9,923,161
2570,0,43,SULLIVAN,7,2658,163
2571,0,43,SUMNER,7,9167,165
2572,0,43,TIPTON,7,4831,167
2573,0,43,TROUSDALE,9,38,169
2574,0,43,UNICOI,7,1056,171
2575,0,43,UNION,7,2557,173
2576,0,43,VAN BUREN,9,156,175
2577,0,43,WARREN,9,1601,177
2578,0,43,WASHINGTON,7,3077,179
2579,0,43,WAYNE,9,325,181
2580,0,43,WEAKLEY,9,2092,183
2581,0,43,WHITE,9,1407,185
2582,0,43,WILLIAMSON,7,6426,187
2583,0,43,WILSON,7,3243,189
2584,0,44,VIP,0,88,0
2585,0,44,ANDERSON,9,4144,1
2586,0,44,ANDREWS,9,725,3
2587,0,44,ANGELINA,8,3949,5
2588,0,44,ARANSAS,9,3782,7
2589,0,44,ARCHER,8,1123,9
2590,0,44,ARMSTRONG,9,138,11
2591,0,44,ATASCOSA,9,6130,13
2592,0,44,AUSTIN,9,2868,15
2593,0,44,BAILEY,9,166,17
2594,0,44,BANDERA,9,2291,19
2595,0,44,BASTROP,7,7158,21
2596,0,44,BAYLOR,9,1,23
2597,0,44,BEE,9,988,25
2598,0,44,BELL,8,14842,27
2599,0,44,BEXAR,7,98615,29
2600,0,44,BLANCO,9,1617,31
2601,0,44,BORDEN,9,54,33
2602,0,44,BOSQUE,9,1882,35
2603,0,44,BOWIE,8,5508,37
2604,0,44,BRAZORIA,6,13804,39
2605,0,44,BRAZOS,8,9543,41
2606,0,44,BREWSTER,9,634,43
2607,0,44,BRISCOE,9,406,45
2608,0,44,BROOKS,9,57,47
2609,0,44,BROWN,9,1347,49
2610,0,44,BURLESON,9,4080,51
2611,0,44,BURNET,9,3842,53
2612,0,44,CALDWELL,7,2016,55
2613,0,44,CALHOUN,9,793,57
2614,0,44,CALLAHAN,9,1337,59
2615,0,44,CAMERON,8,17409,61
2616,0,44,CAMP,9,1,63
2617,0,44,CARSON,9,695,65
2618,0,44,CASS,9,1317,67
2619,0,44,CASTRO,9,465,69
2620,0,44,CHAMBERS,6,5161,71
2621,0,44,CHEROKEE,9,2040,73
2622,0,44,CHILDRESS,9,350,75
2623,0,44,CLAY,9,1671,77
2624,0,44,COCHRAN,9,118,79
2625,0,44,COKE,9,152,81
2626,0,44,COLEMAN,9,2934,83
2627,0,44,COLLIN,6,70689,85
2628,0,44,COLLINGSWORTH,9,316,87
2629,0,44,COLORADO,9,1815,89
2630,0,44,COMAL,7,9999,91
2631,0,44,COMANCHE,9,773,93
2632,0,44,CONCHO,9,163,95
2633,0,44,COOKE,9,2571,97
2634,0,44,CORYELL,8,7520,99
2635,0,44,COTTLE,9,87,101
2636,0,44,CRANE,9,935,103
2637,0,44,CROCKETT,9,20,105
2638,0,44,CROSBY,9,642,107
2639,0,44,CULBERSON,9,256,109
2640,0,44,DALLAM,9,201,111
2641,0,44,DALLAS,6,63876,113
2642,0,44,DAWSON,9,128,115
2643,0,44,DEAF SMITH,9,2068,117
2644,0,44,DELTA,9,777,119
2645,0,44,DENTON,6,83924,121
2646,0,44,DE WITT,9,219,123
2647,0,44,DICKENS,9,54,125
2648,0,44,DIMMIT,9,1698,127
2649,0,44,DONLEY,9,1337,129
2650,0,44,DUVAL,9,1345,131
2651,0,44,EASTLAND,9,757,133
2652,0,44,ECTOR,8,4850,135
2653,0,44,EDWARDS,9,242,137
2654,0,44,ELLIS,6,17298,139
2655,0,44,EL PASO,7,31197,141
2656,0,44,ERATH,9,3039,143
2657,0,44,FALLS,9,1003,145
2658,0,44,FANNIN,9,3052,147
2659,0,44,FAYETTE,9,2584,149
2660,0,44,FISHER,9,164,151
2661,0,44,FLOYD,9,248,153
2662,0,44,FOARD,9,731,155
2663,0,44,FORT BEND,6,83391,157
2664,0,44,FRANKLIN,9,1755,159
2665,0,44,FREESTONE,9,1871,161
2666,0,44,FRIO,9,759,163
2667,0,44,GAINES,9,737,165
2668,0,44,GALVESTON,6,15108,167
2669,0,44,GARZA,9,644,169
2670,0,44,GILLESPIE,9,2730,171
2671,0,44,GLASSCOCK,9,1753,173
2672,0,44,GOLIAD,9,1077,175
2673,0,44,GONZALES,9,2320,177
2674,0,44,GRAY,9,89,179
2675,0,44,GRAYSON,8,12127,181
2676,0,44,GREGG,8,4286,183
2677,0,44,GRIMES,9,1131,185
2678,0,44,GUADALUPE,7,14988,187
2679,0,44,HALE,9,1171,189
2680,0,44,HALL,9,207,191
2681,0,44,HAMILTON,9,379,193
2682,0,44,HANSFORD,9,1,195
2683,0,44,HARDEMAN,9,238,197
2684,0,44,HARDIN,7,2979,199
2685,0,44,HARRIS,6,131545,201
2686,0,44,HARRISON,8,4845,203
2687,0,44,HARTLEY,9,524,205
2688,0,44,HASKELL,9,471,207
2689,0,44,HAYS,7,8497,209
2690,0,44,HEMPHILL,9,308,211
2691,0,44,HENDERSON,6,2063,213
2692,0,44,HIDALGO,7,32175,215
2693,0,44,HILL,9,2686,217
2694,0,44,HOCKLEY,9,1350,219
2695,0,44,HOOD,6,4623,221
2696,0,44,HOPKINS,9,2305,223
2697,0,44,HOUSTON,9,2199,225
2698,0,44,HOWARD,9,112,227
2699,0,44,HUDSPETH,9,5306,229
2700,0,44,HUNT,6,4928,231
2701,0,44,HUTCHINSON,9,1120,233
2702,0,44,IRION,9,1096,235
2703,0,44,JACK,9,1588,237
2704,0,44,JACKSON,9,1306,239
2705,0,44,JASPER,9,2604,241
2706,0,44,JEFF DAVIS,9,146,243
2707,0,44,JEFFERSON,7,10074,245
2708,0,44,JIM HOGG,9,9,247
2709,0,44,JIM WELLS,9,3113,249
2710,0,44,JOHNSON,6,11600,251
2711,0,44,JONES,9,874,253
2712,0,44,KARNES,9,559,255
2713,0,44,KAUFMAN,6,13443,257
2714,0,44,KENDALL,9,1038,259
2715,0,44,KENEDY,9,9,261
2716,0,44,KENT,9,732,263
2717,0,44,KERR,9,644,265
2718,0,44,KIMBLE,9,257,267
2719,0,44,KING,9,20,269
2720,0,44,KINNEY,9,524,271
2721,0,44,KLEBERG,9,8810,273
2722,0,44,KNOX,9,332,275
2723,0,44,LAMAR,9,2598,277
2724,0,44,LAMB,9,906,279
2725,0,44,LAMPASAS,9,138,281
3022,0,48,ADAMS,9,556,1
3023,0,48,ASOTIN,9,90,3
3024,0,48,BENTON,8,7026,5
3025,0,48,CHELAN,8,2606,7
3026,0,48,CLALLAM,8,3424,9
3027,0,48,CLARK,7,11027,11
3028,0,48,COLUMBIA,9,213,13
3029,0,48,COWLITZ,8,1825,15
3030,0,48,DOUGLAS,9,1532,17
3031,0,48,FERRY,9,267,19
3032,0,48,FRANKLIN,8,3422,21
3033,0,48,GARFIELD,9,705,23
3034,0,48,GRANT,8,4738,25
3035,0,48,GRAYS HARBOR,8,2177,27
3036,0,48,ISLAND,6,2679,29
3037,0,48,JEFFERSON,9,1942,31
3038,0,48,KING,6,32719,33
3039,0,48,KITSAP,6,5428,35
3040,0,48,KITTITAS,9,1480,37
3041,0,48,KLICKITAT,9,893,39
3042,0,48,LEWIS,8,4078,41
3043,0,48,LINCOLN,9,1242,43
3044,0,48,MASON,9,2039,45
3045,0,48,OKANOGAN,9,1949,47
3046,0,48,PACIFIC,9,1229,49
3047,0,48,PEND OREILLE,9,1093,51
3048,0,48,PIERCE,6,21885,53
3049,0,48,SAN JUAN,9,1790,55
3050,0,48,SKAGIT,8,3504,57
3051,0,48,SKAMANIA,9,1075,59
3052,0,48,SNOHOMISH,6,12532,61
3053,0,48,SPOKANE,7,12838,63
3054,0,48,STEVENS,9,2232,65
3055,0,48,THURSTON,6,6595,67
3056,0,48,WAHKIAKUM,9,1953,69
3057,0,48,WALLA WALLA,9,1280,71
3058,0,48,WHATCOM,8,5575,73
3059,0,48,WHITMAN,9,942,75
3060,0,48,YAKIMA,8,5783,77
3061,0,50,VIP,0,0,0
3062,0,50,BARBOUR,9,1241,1
3063,0,50,BERKELEY,6,3541,3
3064,0,50,BOONE,9,934,5
3065,0,50,BRAXTON,9,632,7
3066,0,50,BROOKE,8,1949,9
3067,0,50,CABELL,8,2017,11
3068,0,50,CALHOUN,9,482,13
3069,0,50,CLAY,9,546,15
3070,0,50,DODDRIDGE,9,325,17
3071,0,50,FAYETTE,9,1956,19
3072,0,50,GILMER,9,268,21
3073,0,50,GRANT,9,752,23
3074,0,50,GREENBRIER,9,1783,25
3075,0,50,HAMPSHIRE,9,1355,27
3076,0,50,HANCOCK,8,1079,29
3077,0,50,HARDY,9,196,31
3078,0,50,HARRISON,8,3858,33
3079,0,50,JACKSON,9,1108,35
3080,0,50,JEFFERSON,6,2510,37
3081,0,50,KANAWHA,8,6733,39
3082,0,50,LEWIS,9,248,41
3083,0,50,LINCOLN,9,783,43
3084,0,50,LOGAN,9,1221,45
3085,0,50,MCDOWELL,9,988,47
3086,0,50,MARION,9,680,49
3087,0,50,MARSHALL,8,956,51
3088,0,50,MASON,9,1723,53
3089,0,50,MERCER,8,2444,55
3090,0,50,MINERAL,8,1233,57
3091,0,50,MINGO,9,587,59
3092,0,50,MONONGALIA,8,2620,61
3093,0,50,MONROE,9,604,63
3094,0,50,MORGAN,9,688,65
3095,0,50,NICHOLAS,9,1202,67
3096,0,50,OHIO,8,390,69
3097,0,50,PENDLETON,9,638,71
3098,0,50,PLEASANTS,9,197,73
3099,0,50,POCAHONTAS,9,409,75
3100,0,50,PRESTON,9,1573,77
3101,0,50,PUTNAM,8,3932,79
3102,0,50,RALEIGH,8,2310,81
3103,0,50,RANDOLPH,9,1613,83
3104,0,50,RITCHIE,9,329,85
3105,0,50,ROANE,9,479,87
3106,0,50,SUMMERS,9,1299,89
3107,0,50,TAYLOR,9,393,91
3108,0,50,TUCKER,9,116,93
3109,0,50,TYLER,9,694,95
3110,0,50,UPSHUR,9,768,97
3111,0,50,WAYNE,8,2646,99
3112,0,50,WEBSTER,9,338,101
3113,0,50,WETZEL,9,733,103
3114,0,50,WIRT,9,155,105
3115,0,50,WOOD,8,2273,107
3116,0,50,WYOMING,9,1209,109
3117,0,49,VIP,0,56,0
3118,0,49,ADAMS,9,1022,1
3119,0,49,ASHLAND,9,1105,3
3120,0,49,BARRON,9,1476,5
3121,0,49,BAYFIELD,9,741,7
3122,0,49,BROWN,8,9870,9
3123,0,49,BUFFALO,9,647,11
3124,0,49,BURNETT,9,1542,13
3125,0,49,CALUMET,7,4948,15
3126,0,49,CHIPPEWA,8,981,17
3127,0,49,CLARK,9,1041,19
3128,0,49,COLUMBIA,9,1442,21
3129,0,49,CRAWFORD,9,495,23
3130,0,49,DANE,7,11397,25
3131,0,49,DODGE,8,3504,27
3132,0,49,DOOR,9,2125,29
3133,0,49,DOUGLAS,8,1902,31
3134,0,49,DUNN,9,2569,33
3135,0,49,EAU CLAIRE,8,2850,35
3136,0,49,FLORENCE,9,414,37
3137,0,49,FOND DU LAC,8,4137,39
3138,0,49,FOREST,9,557,41
3139,0,49,GRANT,9,1221,43
3140,0,49,GREEN,9,702,45
3141,0,49,GREEN LAKE,9,681,47
3142,0,49,IOWA,9,840,49
3143,0,49,IRON,9,423,51
3144,0,49,JACKSON,9,458,53
3145,0,49,JEFFERSON,8,3250,55
3146,0,49,JUNEAU,9,1402,57
3147,0,49,KENOSHA,6,7233,59
3148,0,49,KEWAUNEE,9,710,61
3149,0,49,LA CROSSE,8,2302,63
3150,0,49,LAFAYETTE,9,408,65
3151,0,49,LANGLADE,9,1117,67
3152,0,49,LINCOLN,9,590,69
3153,0,49,MANITOWOC,8,2305,71
3154,0,49,MARATHON,8,2528,73
3155,0,49,MARINETTE,9,1534,75
3156,0,49,MARQUETTE,9,1053,77
3157,0,49,MENOMINEE,9,226,78
3158,0,49,MILWAUKEE,7,16596,79
3159,0,49,MONROE,9,2334,81
3160,0,49,OCONTO,9,2085,83
3161,0,49,ONEIDA,9,1871,85
3162,0,49,OUTAGAMIE,7,2988,87
3163,0,49,OZAUKEE,7,5489,89
3164,0,49,PEPIN,9,302,91
3165,0,49,PIERCE,6,1860,93
3166,0,49,POLK,9,2569,95
3167,0,49,PORTAGE,8,2175,97
3168,0,49,PRICE,9,611,99
3169,0,49,RACINE,7,6817,101
3170,0,49,RICHLAND,9,384,103
3171,0,49,ROCK,8,5643,105
3172,0,49,RUSK,9,731,107
3173,0,49,SAINT CROIX,6,2959,109
3174,0,49,SAUK,9,1434,111
3175,0,49,SAWYER,9,391,113
3176,0,49,SHAWANO,9,2038,115
3177,0,49,SHEBOYGAN,8,4169,117
3178,0,49,TAYLOR,9,918,119
3179,0,49,TREMPEALEAU,9,790,121
3180,0,49,VERNON,9,740,123
3181,0,49,VILAS,9,1623,125
3182,0,49,WALWORTH,8,2941,127
3183,0,49,WASHBURN,9,1928,129
3184,0,49,WASHINGTON,7,18633,131
3185,0,49,WAUKESHA,7,17681,133
3186,0,49,WAUPACA,9,450,135
3187,0,49,WAUSHARA,9,1646,137
3188,0,49,WINNEBAGO,7,6165,139
3189,0,49,WOOD,8,1278,141
3190,0,51,VIP,0,1,0
3191,0,51,ALBANY,9,1075,1
3192,0,51,BIG HORN,9,869,3
3193,0,51,CAMPBELL,9,1114,5
3194,0,51,CARBON,9,729,7
3195,0,51,CONVERSE,9,128,9
3196,0,51,CROOK,9,315,11
3197,0,51,FREMONT,9,490,13
3198,0,51,GOSHEN,9,189,15
3199,0,51,HOT SPRINGS,9,4,17
3200,0,51,JOHNSON,9,168,19
3201,0,51,LARAMIE,8,1210,21
3202,0,51,LINCOLN,9,1523,23
3203,0,51,NATRONA,8,1268,25
3204,0,51,NIOBRARA,9,445,27
3205,0,51,PARK,9,764,29
3206,0,51,PLATTE,9,585,31
3207,0,51,SHERIDAN,9,1108,33
3208,0,51,SUBLETTE,9,896,35
3209,0,51,SWEETWATER,9,2619,37
3210,0,51,TETON,9,1228,39
3211,0,51,UINTA,9,1185,41
3212,0,51,WASHAKIE,9,77,43
3213,0,51,WESTON,9,536,45
3221,0,52,ADJUNTAS,,0,1
3222,0,52,AGUADA,,0,3
3223,0,52,AGUADILLA,,0,5
3224,0,52,MARICAO,,0,93
3225,0,52,ANASCO,,0,11
3226,0,52,UTUADO,,0,141
3227,0,52,ARECIBO,,0,13
3228,0,52,BARCELONETA,,0,17
3229,0,52,CABO ROJO,,0,23
3230,0,52,PENUELAS,,0,111
3231,0,52,CAMUY,,0,27
3232,0,52,LARES,,0,81
3233,0,52,SAN GERMAN,,0,125
3234,0,52,SABANA GRANDE,,0,121
3235,0,52,CIALES,,0,39
3236,0,52,DORADO,,0,51
3237,0,52,GUANICA,,0,55
3238,0,52,FLORIDA,,0,54
3239,0,52,GUAYANILLA,,0,59
3240,0,52,HATILLO,,0,65
3241,0,52,HORMIGUEROS,,0,67
3242,0,52,ISABELA,,0,71
3243,0,52,JAYUYA,,0,73
3244,0,52,LAJAS,,0,79
3245,0,52,LAS MARIAS,,0,83
3246,0,52,MANATI,,0,91
3247,0,52,MOCA,,0,99
3248,0,52,RINCON,,0,117
3249,0,52,QUEBRADILLAS,,0,115
3250,0,52,MAYAGUEZ,,0,97
3251,0,52,SAN SEBASTIAN,,0,131
3252,0,52,MOROVIS,,0,101
3253,0,52,VEGA ALTA,,0,143
3254,0,52,VEGA BAJA,,0,145
3255,0,52,YAUCO,,0,153
3256,0,52,AGUAS BUENAS,,0,7
3257,0,52,SALINAS,,0,123
3258,0,52,AIBONITO,,0,9
3259,0,52,MAUNABO,,0,95
3260,0,52,ARROYO,,0,15
3261,0,52,PONCE,,0,113
3262,0,52,NAGUABO,,0,103
3263,0,52,NARANJITO,,0,105
3264,0,52,OROCOVIS,,0,107
3265,0,52,RIO GRANDE,,0,119
3266,0,52,PATILLAS,,0,109
3267,0,52,CAGUAS,,0,25
3268,0,52,CANOVANAS,,0,29
3269,0,52,CEIBA,,0,37
3270,0,52,CAYEY,,0,35
3271,0,52,FAJARDO,,0,53
3272,0,52,CIDRA,,0,41
3273,0,52,HUMACAO,,0,69
3274,0,52,SAN LORENZO,,0,129
3275,0,52,SANTA ISABEL,,0,133
3276,0,52,VIEQUES,,0,147
3277,0,52,VILLALBA,,0,149
3278,0,52,YABUCOA,,0,151
3279,0,52,COAMO,,0,43
3280,0,52,LAS PIEDRAS,,0,85
3281,0,52,LOIZA,,0,87
3282,0,52,LUQUILLO,,0,89
3283,0,52,CULEBRA,,0,49
3284,0,52,JUNCOS,,0,77
3285,0,52,GURABO,,0,63
3286,0,52,COMERIO,,0,45
3287,0,52,COROZAL,,0,47
3288,0,52,GUAYAMA,,0,57
3289,0,52,BARRANQUITAS,,0,19
3290,0,52,JUANA DIAZ,,0,75
3291,0,52,SAN JUAN,,15,127
3292,0,52,GUAYNABO,,8,61
3293,0,52,TOA BAJA,,0,137
3294,0,52,TOA ALTA,,0,135
3295,0,52,BAYAMON,,1,21
3296,0,52,CATANO,,0,33
3297,0,52,TRUJILLO ALTO,,1,139
3298,0,52,CAROLINA,,4,31
3301,0,12,KALAWAO,9,0,5
3321,0,1,KUSILVAK,0,0,158
3322,0,42,OGLALA LAKOTA,9,636,102
3323,0,54,SAINT THOMAS,,13,30
3324,0,54,SAINT CROIX,,1,10
3325,0,54,SAINT JOHN,,0,20
